time,close,Volume,MA,MA,MA,RSI,RSI-based MA,Regular Bullish,Regular Bullish Label,Regular Bearish,Regular Bearish Label,Histogram,MACD,Signal,ROC,OSC,Plot,P/S ratio,P/S ratio
1997-12-08,2.94,,,2.7045,,58.45340199357759,49.505492010447874,,,,,0.04398235547896541,0.04333766324801491,-0.0006446922309504936,13.513513513513518,,,,
1997-12-15,2.93,,,2.71125,,57.92701420968474,50.533135014486035,,,,,0.04149011644544971,0.051217953325861654,0.009727836880411938,14.007782101167328,,,,
1997-12-22,2.93,,,2.71725,,57.92701420968474,51.6723004692032,,,,,0.037664362006740115,0.056808289388837085,0.019143927382096967,12.260536398467444,,,,
1997-12-29,3.02,,,2.726,,61.541908594261,53.14493135987516,,,,,0.03886108335983747,0.0677202815818938,0.028859198222056334,20.318725099601604,,,,
1998-01-05,3.16,,,2.732,,66.3808388444069,54.746788533267,,,,,0.04624537204801339,0.08666591328207307,0.04042054123405968,29.50819672131148,,,,
1998-01-12,3.01,,,2.7355,,57.96537275128098,56.12846295720842,,,,,0.03850828638922811,0.08855589922059481,0.0500476128313667,16.666666666666654,,,,
1998-01-19,2.9,,,2.7352499999999997,,52.6900376009216,57.364500920039696,,,,,0.02416394543323116,0.08025254462290565,0.056088599189674494,-3.0100334448160635,,,,
1998-01-26,3,,,2.74075,,56.56046224846051,58.171351819277525,,,,,0.019776893798764454,0.08080971643813006,0.06103282263936561,6.007067137809185,,,,
1998-02-02,2.93,,,2.7415,,53.2748880242341,57.47159860911193,,,,,0.010966776311796073,0.0747412930291107,0.06377451671731463,1.7361111111111205,,,,
1998-02-09,2.97,,,2.7455,,54.887542955210975,57.42889894901361,,,,,0.006841155272577809,0.07232596080803688,0.06548480553545907,2.4137931034482856,,,,
1998-02-16,2.91,,,2.7512499999999998,,51.989007816400445,57.05546315416816,,,,,-0.0005294010332819871,0.06482305424385659,0.06535245527713858,0.3448275862069045,,,,
1998-02-23,2.87,,,2.757,,50.089905277377134,56.49600898976292,,,,,-0.00826988327021537,0.055015101189369364,0.06328498445958473,2.1352313167259807,,,,
1998-03-02,2.85,,,2.76125,,49.12367111598579,55.86753809954401,,,,,-0.014541257031537469,0.0451084131701629,0.05964967020170037,-3.0612244897959138,,,,
1998-03-09,2.91,,,2.7665,,52.10835195732262,55.779958399914946,,,,,-0.014424510714603177,0.041619031808446394,0.05604354252304957,-0.6825938566552907,,,,
1998-03-16,2.84,,,2.7720000000000002,,48.53122113145147,55.07123119547737,,,,,-0.018573354444516105,0.03282684946740444,0.051400203911920544,-3.0716723549488156,,,,
1998-03-23,2.73,,,2.77425,,43.48000032815516,54.03930163251096,,,,,-0.0276886722545443,0.01678936359374017,0.04447803584828447,-9.602649006622517,,,,
1998-03-30,2.94,,,2.782,,53.44264661350975,53.7189896613556,,,,,-0.01895427927288358,0.020785186757179996,0.03973946603006358,-6.962025316455702,,,,
1998-04-06,2.86,,,2.7837500000000004,,49.83857391044763,52.88303718394036,,,,,-0.017953826556957042,0.017297182833867275,0.03525100939082432,-4.983388704318934,,,,
1998-04-13,2.85,,,2.786,,49.390199250386985,51.6694200700818,,,,,-0.01734514628316437,0.013569576536868855,0.030914722820033224,-1.7241379310344767,,,,
1998-04-20,2.81,,,2.7895000000000003,,47.547527137542865,50.92528824052908,,,,,-0.018888926229544686,0.007303565033102366,0.02619249126264705,-6.333333333333331,,,,
1998-04-27,2.98,,,2.7975000000000003,,55.19784985531973,51.104417687271805,,,,,-0.008256137960657071,0.015872318811825714,0.024128456772482786,1.7064846416382191,,,,
1998-05-04,2.95,,,2.8070000000000004,,53.7091101823171,50.90074968254727,,,,,-0.0032934163197475275,0.020011686372798376,0.023305102692545904,-0.673400673400674,,,,
1998-05-11,2.97,,,2.819,,54.58844922932443,50.99457548291087,,,,,0.0010536528901310613,0.024622168805209732,0.02356851591507867,2.0618556701030943,,,,
1998-05-18,3.01,,,2.8302500000000004,,56.37340250220594,51.10070830769622,,,,,0.006060914320520201,0.03114465881572892,0.02508374449520872,4.878048780487793,,,,
1998-05-25,3.18,,,2.8467500000000006,,63.02521228054864,51.88900862656396,,,,,0.019501964772951526,0.049461200461398125,0.0299592356884466,11.578947368421055,,,,
1998-06-01,3.16,,,2.861,,61.830786937042234,52.727643030825746,,,,,0.025354743671839416,0.061652665278245866,0.03629792160640645,8.59106529209622,,,,
1998-06-08,3.26,,,2.8775000000000004,,65.36516131024555,53.887749473272876,,,,,0.03374485969763129,0.07847899622844556,0.044734136530814275,14.788732394366196,,,,
1998-06-15,3.28,,,2.8940000000000006,,66.04241414244493,54.88303962935304,,,,,0.03810318126554931,0.09236311311275092,0.054259931847201605,20.146520146520142,,,,
1998-06-22,3.28,,,2.9112500000000003,,66.04241414244493,56.13383913013829,,,,,0.03834278362379641,0.10218841137694712,0.06384562775315071,11.564625850340132,,,,
1998-06-29,3.41,,,2.9322500000000007,,70.40495396058904,58.05705010388356,,,,,0.04419719755919918,0.1190921247021497,0.07489492714295051,19.23076923076924,,,,
1998-07-06,3.38,,,2.9515000000000007,,68.2266463611418,59.11305008585729,,,,,0.04295240799749529,0.12858543713981962,0.08563302914232433,18.596491228070168,,,,
1998-07-13,3.29,,,2.971000000000001,,62.02653556288005,59.98361877531674,,,,,0.033396272088708184,0.12737836925320956,0.09398209716450137,17.081850533807827,,,,
1998-07-20,3.3,,,2.9925000000000006,,62.43501557773589,60.915391370127374,,,,,0.025437343264515258,0.12577877624514544,0.10034143298063018,10.738255033557042,,,,
1998-07-27,3.38,,,3.0125000000000006,,65.62109973254394,62.20636084119888,,,,,0.023305992714864193,0.12947392387421042,0.10616793115934622,14.576271186440668,,,,
1998-08-03,3.55,,,3.026500000000001,,71.20927747686247,63.35003424273765,,,,,0.030629454918321003,0.14445474980724748,0.11382529488892648,19.528619528619515,,,,
1998-08-10,3.78,,,3.050250000000001,,76.72221921948437,64.99382774539245,,,,,0.04725435170071071,0.17289323451481486,0.12563888281410415,25.581395348837212,,,,
1998-08-17,4.09,,,3.0805000000000007,,81.78490361003043,66.9364316297286,,,,,0.07383541379708575,0.21793315006046132,0.14409773626337558,28.61635220125785,,,,
1998-08-24,4.87,,,3.1297500000000005,,88.53911870324265,69.2339827869455,,,,,0.1350894003819668,0.31295948674083407,0.17787008635886728,54.11392405063291,,,,
1998-08-31,5.36,,,3.1912500000000006,,90.83759089253468,71.22058125923023,,,,,0.19604965053950874,0.4229321495332532,0.22688249899374446,64.41717791411045,,,,
1998-09-07,5.7,,,3.2635000000000005,,92.03172492865176,73.37779111577376,,,,,0.24361066896672334,0.5313958352021486,0.28778516623542527,73.78048780487806,,,,
1998-09-14,5.79,,,3.334750000000001,,92.3171638836732,75.30293415673289,,,,,0.2637704274084503,0.6174982004959881,0.35372777308753783,76.52439024390245,,,,
1998-09-21,5.76,,,3.405500000000001,,91.1451149328123,77.09598421318769,,,,,0.25743949327450244,0.6755271396806659,0.41808764640616347,68.9149560117302,,,,
1998-09-28,6.11,,,3.4850000000000008,,92.36326910422943,78.97604528188658,,,,,0.25850053984367893,0.7412133212107621,0.4827127813670832,80.76923076923079,,,,
1998-10-05,6.32,,,3.5675000000000003,,92.98668596988655,80.58902613969356,,,,,0.2546154669425975,0.80098211504533,0.5463666481027325,92.09726443768997,,,,
1998-10-12,6.78,,,3.6580000000000004,,94.11917179136728,82.4384922418525,,,,,0.2632080199229099,0.8753766730063699,0.61216865308346,105.45454545454548,,,,
1998-10-19,6.37,,,3.742000000000001,,81.48875004070582,83.82865041884007,,,,,0.22304959940786784,0.8909806523432948,0.667931052935427,88.46153846153847,,,,
1998-10-26,6.52,,,3.8325000000000005,,82.41834059872672,85.25603077748227,,,,,0.1896697005138286,0.9050181785777127,0.7153484780638841,83.66197183098592,,,,
1998-11-02,5.95,,,3.906250000000001,,68.36826133727713,85.45225660639177,,,,,0.11590726354531777,0.8602325574955314,0.7443252939502136,57.40740740740742,,,,
1998-11-09,5.73,,,3.9762500000000003,,63.84439083973575,84.92619327516843,,,,,0.04277258912096804,0.7977910303514237,0.7550184412304557,40.097799511002464,,,,
1998-11-16,5.45,,,4.038250000000001,,58.535598635248846,83.62714894772304,,,,,-0.030061322631511622,0.7174417879410662,0.7475031105725778,11.909650924024643,,,,
1998-11-23,5.34,,3.3164,4.099,,56.546315378554105,81.82439264547473,,,,,-0.08797112947754615,0.6375391987256451,0.7255103282031913,-0.3731343283582175,,,,
1998-11-30,5.53,,3.3407999999999998,4.1655,,59.12992893773826,79.72373623365299,,,,,-0.11414526558578231,0.5828287462209634,0.6969740118067457,-2.982456140350876,,,,
1998-12-07,5.56,,3.3648,4.23325,,59.53899173626507,77.48812200820517,,,,,-0.12900667269351718,0.5357156709398492,0.6647223436333664,-3.972366148531959,,,,
1998-12-14,5.63,,3.3907,4.3012500000000005,,60.53163945277824,75.23811590278562,,,,,-0.13315168205467942,0.498282741065017,0.6314344231196964,-2.256944444444443,,,,
1998-12-21,5.39,,3.4152,4.365,,55.50382496631892,72.60859169440319,,,,,-0.14984256884565583,0.4441312120626266,0.5939737809082825,-11.783960720130942,,,,
1998-12-28,5.66,,3.4414,4.43825,,59.572141631687266,70.35337931575141,,,,,-0.14063347461819498,0.4181819376355387,0.5588154122537337,-10.443037974683547,,,,
1999-01-04,5.41,,3.4648999999999996,4.5,,54.59472829988133,67.6556264011551,,,,,-0.14853818304040467,0.3731426834532279,0.5216808664936325,-20.206489675516224,,,,
1999-01-11,5.62,,3.4905999999999993,4.569000000000001,,57.78543429586815,65.14125128158237,,,,,-0.13706043961511172,0.35035531697474287,0.4874157565898546,-11.773940345368917,,,,
1999-01-18,5.59,,3.5176,4.6375,,57.16739575077568,62.50183870725441,,,,,-0.1290396839986026,0.32611615159160134,0.45515583559020395,-14.263803680981592,,,,
1999-01-25,5.6,,3.5463,4.70725,,57.33121723720588,60.77630064986154,,,,,-0.12075934853615872,0.30420664992000557,0.4249659984561643,-5.88235294117648,,,,
1999-02-01,5.36,,3.5725,4.76675,,52.1736648198594,58.61596666565673,,,,,-0.1284295632947256,0.26442904433775727,0.39285860763248287,-6.4572425828970355,,,,
1999-02-08,5.24,,3.5983,4.824,,49.76312229649483,57.2870281627437,,,,,-0.13774435197474122,0.22067816766405635,0.35842251963879757,-3.853211009174311,,,,
1999-02-15,5.23,,3.6236999999999995,4.8805000000000005,,49.5576385410525,56.26654585569489,,,,,-0.14026774085255467,0.18308784357310426,0.3233555844256589,-2.0599250936329483,,,,
1999-02-22,5.21,,3.6491,4.9355,,49.12077105129277,55.594058171126605,,,,,-0.13872060977447492,0.14995482220756529,0.2886754319820402,-5.786618444846297,,,,
1999-03-01,5.28,,3.6727,4.988,,50.75697185869662,55.180533633993925,,,,,-0.12864349674118308,0.12787106105556134,0.2565145577967444,-5.035971223021572,,,,
1999-03-08,5.29,,3.6969,5.041250000000001,,50.99940060598813,54.599781610297484,,,,,-0.11728407046650377,0.1099094697136147,0.22719354018011848,-6.0390763765541715,,,,
1999-03-15,5.21,,3.7198999999999995,5.090000000000001,,48.92430229388032,53.84158950727,,,,,-0.11119267061340732,0.08820270191335933,0.19939537252676665,-3.3395176252319057,,,,
1999-03-22,5.18,,3.7439,5.137500000000001,,48.13337623973872,52.95599927776717,,,,,-0.1052781751294126,0.0677976536150009,0.1730758287444135,-8.480565371024742,,,,
1999-03-29,5.17,,3.7665999999999995,5.18475,,47.85565573798628,52.40970147574342,,,,,-0.09826830397021674,0.05024044878164258,0.14850875275185932,-4.4362292051756045,,,,
1999-04-05,5.16,,3.7901,5.2285,,47.56013404308806,51.551700933700616,,,,,-0.09071536824580356,0.03511454244460488,0.12582991069040844,-8.185053380782918,,,,
1999-04-12,4.96,,3.8128999999999995,5.268000000000001,,41.97695326352227,50.6504312882464,,,,,-0.09513658499542044,0.006909179446132896,0.10204576444155333,-11.270125223613594,,,,
1999-04-19,4.93,,3.8358,5.309,,41.195744831647346,49.465453469373486,,,,,-0.095765362679788,-0.017660938908181656,0.07810442377160634,-11.964285714285715,,,,
1999-04-26,4.76,,3.8566,5.3455,,36.99426084341806,48.0245152617051,,,,,-0.1027003557661746,-0.05027102093611191,0.05242933483006269,-11.19402985074628,,,,
1999-05-03,4.62,,3.8758,5.376500000000001,,33.925646676163126,46.35268879305919,,,,,-0.11107581389826487,-0.0864154325427684,0.024660381355496475,-11.832061068702293,,,,
1999-05-10,4.66,,3.8962,5.40425,,35.57006483788504,45.1667173657753,,,,,-0.10817472852410366,-0.1105580292996331,-0.0023833007755294407,-10.898661567877634,,,,
1999-05-17,4.77,,3.9175,5.429,,39.99288677593318,44.468843400020894,,,,,-0.09364401527726432,-0.11943831987210984,-0.025794304594845524,-8.445297504798473,,,,
1999-05-24,4.74,,3.9385999999999997,5.445250000000001,,39.20250158446491,43.72919076026464,,,,,-0.08130683986384579,-0.12742785442465276,-0.04612101456080697,-10.227272727272727,,,,
1999-05-31,4.7,,3.9577,5.441000000000001,,38.1207176460278,42.94347265988857,,,,,-0.07144412849335788,-0.13542617517750433,-0.06398204668414645,-11.153119092627596,,,,
1999-06-07,4.6,,3.9760999999999997,5.422000000000001,,35.48444989555448,41.85257823394984,,,,,-0.06731560708260467,-0.14812655553740228,-0.08081094845479761,-11.70825335892515,,,,
1999-06-14,4.73,,3.9966999999999997,5.39775,,41.17935231552911,41.151146213202765,,,,,-0.05216610020015103,-0.1460185737049864,-0.09385247350483536,-8.687258687258675,,,,
1999-06-21,4.6,,4.0161,5.368,,37.6045881014605,40.3425951994585,,,,,-0.04737671081827702,-0.15307336202768163,-0.10569665120940461,-11.025145067698265,,,,
1999-06-28,4.79,,4.0383,5.343750000000001,,45.10515950265366,40.12629400395242,,,,,-0.02880227655349403,-0.14169949690127215,-0.11289722034777812,-7.170542635658918,,,,
1999-07-05,4.78,,4.0612,5.3105,,44.799913523629755,39.90802670292695,,,,,-0.015259232302926348,-0.13197126072643606,-0.11671202842350971,-3.6290322580645102,,,,
1999-07-12,4.79,,4.0835,5.2722500000000005,,45.19930106182903,39.73939577569416,,,,,-0.004268582444082181,-0.12204775647861243,-0.11777917403453025,-2.839756592292083,,,,
1999-07-19,4.77,,4.106,5.222,,44.50573881378211,39.92002331499844,,,,,0.002641327079641667,-0.11447751518497817,-0.11711884226461984,0.2100840336134409,,,,
1999-07-26,4.66,,4.1267000000000005,5.179250000000001,,40.79775863759921,39.89159572970929,,,,,0.0008816688807829487,-0.11601675616364115,-0.1168984250444241,0.8658008658008666,,,,
1999-08-02,4.74,,4.1481,5.134750000000001,,44.42426613850611,40.42231039364414,,,,,0.005903684404962611,-0.10951881953822085,-0.11542250394318346,1.716738197424894,,,,
1999-08-09,4.78,,4.1697,5.105500000000001,,46.19885059257918,41.29896781624529,,,,,0.012346897039966123,-0.09998888264322581,-0.11233577968319193,0.20964360587003514,,,,
1999-08-16,4.89,,4.192699999999999,5.0845,,50.84698820815393,42.390176628407346,,,,,0.023782220029002113,-0.08260800464693929,-0.1063902246759414,3.164556962025305,,,,
1999-08-23,4.93,,4.2163,5.0715,,52.45555534589667,43.2803672405476,,,,,0.03322560159030506,-0.06485822268806007,-0.09808382427836514,4.893617021276586,,,,
1999-08-30,4.99,,4.2401,5.062749999999999,,54.84277429544544,44.39752957704621,,,,,0.042126060598612444,-0.04542624853009958,-0.08755230912871202,8.478260869565231,,,,
1999-09-06,5.01,,4.2651,5.04975,,55.642286421878005,45.649070203892656,,,,,0.04757092913429552,-0.02808864771084263,-0.07565957684513815,5.919661733615208,,,,
1999-09-13,5.07,,4.291399999999999,5.0375,,58.042308966543345,47.26034585182043,,,,,0.05300875428439254,-0.009398633989647465,-0.06240738827404001,10.21739130434784,,,,
1999-09-20,5.26,,4.3182,5.02825,,64.57818763148185,48.93169123153133,,,,,0.06633258361962156,0.02050834125048695,-0.04582424236913461,9.81210855949895,,,,
1999-09-27,5.06,,4.3389,5.0200000000000005,,54.88612809057556,50.16608694503956,,,,,0.05886067618580561,0.027751602863122393,-0.03110907332268321,5.857740585774045,,,,
1999-10-04,5,,4.3606,5.0035,,52.347873371758524,50.683423649975616,,,,,0.047546411107099396,0.02832394056119103,-0.019222470545908362,4.384133611691023,,,,
1999-10-11,4.94,,4.3812,4.99175,,49.864463290767674,51.04517720477118,,,,,0.034308575278213245,0.023663248551858196,-0.010645326726355049,3.5639412997903737,,,,
1999-10-18,4.93,,4.4015,4.9745,,49.443454046576065,51.34833098939596,,,,,0.023671718805421765,0.018944321780422158,-0.004727397024999608,5.793991416309003,,,,
1999-10-25,5.13,,4.4238,4.963,,57.22256403194299,52.25667564783602,,,,,0.02857046416281801,0.030985683178522905,0.0024152190157048954,8.227848101265817,,,,
1999-11-01,5.16,,4.4473,4.952,,58.26004569249626,53.50398186604296,,,,,0.03203570273028569,0.042459847428562014,0.01042414469827632,7.9497907949790765,,,,
1999-11-08,5.18,,4.4697,4.947500000000001,,58.97440060853414,54.54327718533067,,,,,0.03370960099687015,0.05256114594436401,0.01885154494749386,5.930470347648263,,,,
1999-11-15,5.05,,4.4909,4.942750000000001,,52.66507662606726,55.00515047343696,,,,,0.024523492781696722,0.04950591092461476,0.024982418142918038,2.4340770791075075,,,,
1999-11-22,4.97,,4.5113,4.93625,,49.17830002011849,54.88595846000586,,,,,0.012147083059250791,0.040166271966981526,0.028019188907730735,-0.40080160320642205,,,,
1999-11-29,4.91,,4.5302,4.928750000000001,,46.68199986965409,54.47356164027425,,,,,-0.0003314863758866124,0.02760483093787247,0.027936317313759083,-1.9960079840319291,,,,
1999-12-06,4.88,,4.5474,4.918750000000001,,45.440014611829326,53.80193594858738,,,,,-0.010304654871094481,0.015055498724890981,0.025360153595985462,-3.7475345167652936,,,,
1999-12-13,4.72,,4.5645,4.9045000000000005,,39.41675879310983,52.64296968938965,,,,,-0.026457486525866377,-0.00771170456134751,0.018745781964518867,-10.26615969581749,,,,
1999-12-20,4.66,,4.5821,4.89075,,37.41393743858988,51.169514580250116,,,,,-0.03919478485709216,-0.030247699106846326,0.008947085750245828,-7.905138339920938,,,,
1999-12-27,4.76,,4.5996999999999995,4.88025,,42.64473626522714,49.60283948266049,,,,,-0.03882342379127958,-0.03958219398885365,-0.0007587701975740706,-4.800000000000004,,,,
2000-01-03,4.86,,4.619,4.8725000000000005,,47.38081774716041,49.06674588670227,,,,,-0.030166789897061643,-0.038467257568901125,-0.008300467671839482,-1.619433198380568,,,,
2000-01-10,4.77,,4.637,4.86275,,43.86975728022891,48.46116616587873,,,,,-0.0288275024686184,-0.044334845757612484,-0.015507343288994084,-3.2454361054766765,,,,
2000-01-17,4.73,,4.655200000000001,4.857000000000001,,42.367077544351396,47.925638612563276,,,,,-0.028888206804216998,-0.05161760179426533,-0.022729394990048335,-7.797270955165681,,,,
2000-01-24,4.8,,4.6745,4.85375,,45.861913778191365,47.669814307678664,,,,,-0.022737431546854748,-0.05115118442361677,-0.02841375287676202,-6.976744186046517,,,,
2000-01-31,4.87,,4.6947,4.8565,,49.18063021119628,47.095390463339605,,,,,-0.012964031813842286,-0.044618792644064875,-0.03165476083022259,-5.9845559845559775,,,,
2000-02-07,4.81,,4.7137,4.86125,,46.54675870350229,46.258727106982896,,,,,-0.009699127650610852,-0.04377867039348615,-0.0340795427428753,-4.752475247524757,,,,
2000-02-14,4.9,,4.734300000000001,4.86725,,50.8028991261749,45.67504842967152,,,,,-0.0010900182447439594,-0.035442065548805246,-0.03435204730406129,-1.40845070422534,,,,
2000-02-21,5.07,,4.757700000000001,4.874750000000001,,57.660588584558816,46.03187071242092,,,,,0.015525329209292959,-0.014945385792445087,-0.030470715001738046,3.2586558044806546,,,,
2000-02-28,5.13,,4.7796,4.884500000000001,,59.79093062414168,46.78991575556544,,,,,0.02923249921055416,0.006069909011454655,-0.023162590199099505,5.122950819672131,,,,
2000-03-06,5.16,,4.802600000000001,4.896,,60.8515838218189,47.802028895005776,,,,,0.0384171707303274,0.02485887321380975,-0.013558297516517652,9.322033898305094,,,,
2000-03-13,5.41,,4.828200000000001,4.916250000000001,,68.34521325991477,49.43811451272616,,,,,0.05823807769603974,0.059239299603532025,0.0010012219074922862,16.094420600858367,,,,
2000-03-20,5.47,,4.8548,4.93475,,69.83746397428789,51.61102202566745,,,,,0.07142843380072793,0.0902867641584022,0.018858330357674268,14.915966386554622,,,,
2000-03-27,5.75,,4.8825,4.9635,,75.61472000262094,54.33964935166967,,,,,0.09364851500857235,0.1359189741183897,0.04227045910981736,18.312757201646082,,,,
2000-04-03,5.9,,4.912000000000001,4.99125,,78.04121790865199,56.867969469057165,,,,,0.11185369939722398,0.18208758335634734,0.07023388395912336,23.68972746331239,,,,
2000-04-10,5.92,,4.9415000000000004,5.01975,,78.35054823326848,59.080093075207735,,,,,0.11803684488988846,0.21777994007148394,0.09974309518159548,25.15856236786468,,,,
2000-04-17,5.85,,4.969900000000001,5.04625,,74.40015078743326,61.260835468579465,,,,,0.1103480590147638,0.23767816895005023,0.12733010993528643,21.874999999999996,,,,
2000-04-24,5.88,,4.9969,5.074,,74.98232582814312,63.59049606027889,,,,,0.1004979349971229,0.25295252868169005,0.15245459368456715,20.73921971252566,,,,
2000-05-01,5.73,,5.022600000000001,5.10075,,66.80217241417826,65.08622881999223,,,,,0.07809325127171346,0.25007115777420896,0.1719779065024955,19.126819126819147,,,,
2000-05-08,5.78,,5.0478000000000005,5.1267499999999995,,68.05327331329526,66.43427475585645,,,,,0.06157964573382829,0.24895246366978085,0.18737281793595256,17.959183673469383,,,,
2000-05-15,5.89,,5.0739,5.1545000000000005,,70.67190207159,68.15749928214842,,,,,0.053312831724619564,0.254013857591727,0.20070102586710745,16.173570019723854,,,,
2000-05-22,6.18,,5.1029,5.186749999999999,,76.20866962030158,69.97219717458604,,,,,0.062013975688910705,0.27821849547824584,0.21620451978933514,20.46783625730994,,,,
2000-05-29,6.21,,5.1309000000000005,5.218749999999999,,76.69874142010299,71.33206523426777,,,,,0.06416024365512835,0.29640482435824556,0.2322445807031172,20.34883720930232,,,,
2000-06-05,6.12,,5.1583000000000006,5.246999999999999,,71.91294730609201,72.19792356869279,,,,,0.054281177589782514,0.30009605269034534,0.24581487510056282,13.123844731977819,,,,
2000-06-12,6.19,,5.1873000000000005,5.2764999999999995,,73.30798929054198,73.08766681645872,,,,,0.04746985051756103,0.3051521882475141,0.2576823377299531,13.162705667276063,,,,
2000-06-19,5.99,,5.214200000000001,5.299499999999999,,63.58980285008447,72.74799464432799,,,,,0.02559942121229658,0.2896816142453238,0.2640821930330272,4.173913043478264,,,,
2000-06-26,6.17,,5.242100000000001,5.322249999999999,,67.73540253712774,72.59784739881654,,,,,0.019629088405543504,0.2886185535399566,0.2689894651344131,4.57627118644067,,,,
2000-07-03,6.2,,5.2686,5.35075,,68.38155976595989,72.0811930961979,,,,,0.014320214523555586,0.2868897332888576,0.272569518765302,4.729729729729734,,,,
2000-07-10,6.06,,5.291399999999999,5.377249999999999,,62.12847764090106,70.94456879135855,,,,,-0.0011774112921695279,0.2710977546500901,0.27227516594225964,3.5897435897435894,,,,
2000-07-17,6.11,,5.311599999999999,5.406499999999999,,63.41519318638049,69.87775771658083,,,,,-0.010120698593306166,0.2596242927006269,0.2697449912939331,3.9115646258503474,,,,
2000-07-24,6.15,,5.324400000000001,5.436999999999999,,64.4556289892268,69.16743473099466,,,,,-0.015102141112604994,0.2508673149031768,0.2659694560157818,7.329842931937171,,,,
2000-07-31,6.38,,5.3346,5.468249999999999,,69.77784481170517,68.79568608696337,,,,,-0.0051794636682296336,0.25949512643049477,0.2646745900987244,10.380622837370236,,,,
2000-08-07,6.33,,5.3409,5.4975,,67.4146328633615,68.83943326190503,,,,,-0.0042924765430381595,0.2593089944199267,0.2636014709629649,7.470288624787783,,,,
2000-08-14,6.4,,5.347,5.528,,68.99767372078028,68.90689043386824,,,,,-0.0014474793098399608,0.2617921218256649,0.2632396011355049,3.559870550161823,,,,
2000-08-21,6.42,,5.3536,5.562249999999999,,69.45427443861786,68.81991703151309,,,,,-0.0007119628227431618,0.2623496476070759,0.26306161042981907,3.381642512077294,,,,
2000-08-28,6.48,,5.3573,5.6,,70.84170229889705,68.43656222284135,,,,,0.0012171442704883573,0.2645830407679295,0.26336589649744113,5.8823529411764754,,,,
2000-09-04,6.32,,5.3573,5.635249999999999,,62.667327349235855,67.43431836063654,,,,,-0.010249416307453962,0.25055412611312367,0.2608035424205776,2.100161550888528,,,,
2000-09-11,6.3,,5.352500000000001,5.670749999999999,,61.70879379628782,66.70545025279338,,,,,-0.020553192383910124,0.23511205194068996,0.2556652443246001,5.175292153589309,,,,
2000-09-18,6.5,,5.3538000000000014,5.715249999999999,,67.12415847728009,66.26374805184611,,,,,-0.015501285770790907,0.23628863711111148,0.2517899228819024,5.348460291734199,,,,
2000-09-25,6.77,,5.356300000000001,5.767999999999999,,72.73097905243554,66.91668920915689,,,,,0.003413003003700954,0.2560561766365286,0.2526431736328276,9.193548387096765,,,,
2000-10-02,6.87,,5.365500000000001,5.8207499999999985,,74.46777711618839,67.39757310766123,,,,,0.019167664312804422,0.27660275402383316,0.25743508971102874,13.366336633663376,,,,
2000-10-09,7.31,,5.381300000000001,5.881999999999999,,80.38696310075272,68.2551019172893,,,,,0.05377036567340754,0.32464804680278814,0.2708776811293806,19.639934533551543,,,,
2000-10-16,7.59,,5.402700000000001,5.952499999999999,,83.0758378614024,69.75134193303938,,,,,0.08803934285667864,0.3809268597002289,0.29288751684355024,23.414634146341452,,,,
2000-10-23,7.62,,5.4255,6.024749999999998,4.37095,83.33938879900742,71.17449876251273,,,,,0.1041476363548478,0.42307206228711003,0.3189244259322622,19.435736677115994,72.53013169528597,,,
2000-10-30,7.75,,5.4477,6.098499999999999,4.39425,84.46811434369675,72.60396200211774,,,,,0.11417313463884937,0.46164084423082397,0.3474677095919746,22.432859399684045,75.55432115909828,,,
2000-11-06,7.85,,5.470600000000001,6.172999999999998,4.4177,85.2934841017506,73.71222195140669,,,,,0.11768574795631742,0.49457489453737136,0.37688914658105394,22.65624999999999,76.68454614516912,,,
2000-11-13,7.99,,5.494200000000001,6.252499999999999,4.44245,86.38435953476096,75.06720242793521,,,,,0.11921655108562584,0.5259098354380862,0.4066932843524604,24.454828660436142,78.90254790192984,,,
2000-11-20,8.36,,5.523900000000001,6.338999999999998,4.469549999999997,88.75778511394846,76.47863895601867,,,,,0.13383129079657868,0.5739823978481837,0.44015110705160504,29.012345679012327,81.95059227819438,,,
2000-11-27,8.98,,5.5571,6.436749999999998,4.499249999999998,91.44796660610847,78.04961696798227,,,,,0.1715300470449762,0.6545636658578253,0.4830336188128491,42.088607594936704,86.69501204301557,,,
2000-12-04,9.09,,5.593900000000001,6.5357499999999975,4.529399999999998,91.82187821659258,79.54820096210338,,,,,0.18878322632936073,0.7190126517245501,0.5302294253951894,44.285714285714285,96.32508198930768,,,
2000-12-11,8.88,,5.626500000000001,6.628749999999998,4.558549999999998,84.24876580759161,81.08973228055739,,,,,0.1714651463203568,0.7445608582956353,0.5730957119752785,36.61538461538463,100.1718308916238,,,
2000-12-18,9.06,,5.6612,6.719999999999997,4.589399999999998,85.36309946100597,82.77932554232295,,,,,0.15788439825028155,0.7704512097881304,0.6125668115378489,33.82570162481537,96.73911838707174,,,
2000-12-25,9.16,,5.6968000000000005,6.812249999999997,4.621549999999997,85.95747121033219,84.12456216611238,,,,,0.14189279910457542,0.7899328104185681,0.6480400113139927,33.333333333333336,96.6978536048431,,,
2001-01-01,9.12,,5.734400000000001,6.896499999999998,4.653449999999998,84.47970376701299,84.96375678858222,,,,,0.11597055593709882,0.7930032062353662,0.6770326502982674,24.760601915184676,97.93647670885522,,,
2001-01-08,8.38,,5.7658000000000005,6.958499999999996,4.682049999999998,62.9264771676159,84.13937822082703,,,,,0.04024617927885921,0.7273403743968414,0.6870941951179822,10.408432147562594,89.96415770609319,,,
2001-01-15,8.21,,5.7956,7.015749999999997,4.709649999999997,59.19042237728293,82.62533959772205,,,,,-0.026439273678180664,0.6540451030202563,0.680484376698437,7.742782152230981,79.10931174089075,,,
2001-01-22,8.05,,5.824000000000001,7.070749999999997,4.736549999999998,55.830661740660986,80.67925558909766,,,,,-0.08326510564486278,0.5764029946423586,0.6596681002872213,3.870967741935493,74.53280808904825,,,
2001-01-29,7.73,,5.8485000000000005,7.116999999999997,4.7605999999999975,49.74857982674521,78.27991209107893,,,,,-0.14095326236772165,0.4834765223275692,0.6244297846952909,-1.5286624203821557,68.49613462606247,,,
2001-02-05,7.63,,5.8719,7.164499999999997,4.784399999999998,47.98920743771314,75.67427588350867,,,,,-0.18179665200443917,0.3971839696897419,0.5789806216941811,-4.505632040050066,62.868525896414354,,,
2001-02-12,7.49,,5.894700000000001,7.2072499999999975,4.807299999999997,45.55995264819955,72.83616649396932,,,,,-0.2120793452027797,0.3138814401907064,0.5259607853934861,-10.406698564593292,58.392809939201705,,,
2001-02-19,7.67,,5.919600000000002,7.251749999999997,4.831749999999998,49.125750036256306,70.17483724407612,,,,,-0.21325030550238988,0.25939790351549874,0.4726482090178886,-14.587973273942099,56.55412585352509,,,
2001-02-26,7.64,,5.944300000000001,7.288249999999998,4.855449999999998,48.554922562958275,67.30320420471968,,,,,-0.20902888075460446,0.21136210807463307,0.42039098882923753,-15.951595159515955,58.484245786663905,,,
2001-03-05,7.53,,5.968000000000001,7.321249999999997,4.879049999999998,46.4248129637533,64.08726465883716,,,,,-0.20627790159180115,0.16254361183948607,0.3688215134312872,-15.202702702702707,58.01424940627473,,,
2001-03-12,8,,5.9984,7.368249999999998,4.905649999999998,55.423247576530805,61.48736247026132,,,,,-0.16710838603018907,0.1599360308935509,0.32704441692374,-11.69977924944813,56.79406400265295,,,
2001-03-19,8.3,,6.032100000000001,7.421000000000001,4.933949999999998,60.03714425418155,59.75796093073204,,,,,-0.11763389716308348,0.18000204546988563,0.2976359426329691,-9.3886462882096,60.97284484979646,,,
2001-03-26,8.18,,6.066300000000001,7.475750000000001,4.9614499999999975,57.47455087149487,57.76592174576695,,,,,-0.09082929248462612,0.18409932702718645,0.2749286195118126,-10.307017543859644,64.48379757732273,,,
2001-04-02,8.75,,6.1076000000000015,7.54025,4.991699999999998,65.09564872290244,56.275791568093396,,,,,-0.035397667332090765,0.2306815353466991,0.2660792026787899,4.41527446300715,65.47957488867831,,,
2001-04-09,8.44,,6.1454,7.59625,5.020799999999998,58.912011511817866,54.44952783557945,,,,,-0.021007863446347252,0.2398193733708558,0.26082723681720305,2.8014616321558905,68.64516651811036,,,
2001-04-16,8.64,,6.184100000000001,7.660750000000002,5.050799999999998,61.455926744419365,54.34448851963685,,,,,-0.0005017255988782332,0.26020007981860527,0.2607018054174835,7.329192546583848,68.58006042296076,,,
2001-04-23,8.17,,6.2184,7.712250000000002,5.078499999999997,53.13086956751394,53.911663318939056,,,,,-0.01999364497173739,0.23570974920281174,0.2557033941745491,5.692108667529101,64.93420657333411,,,
2001-04-30,7.86,,6.25,7.755000000000001,5.103849999999998,48.46727708460584,53.38570727207797,,,,,-0.0532773773247503,0.18910667251861124,0.24238404984336154,3.0144167758846714,59.10970300186307,,,
2001-05-07,7.6,,6.28,7.785500000000002,5.128049999999997,44.90699809070173,53.03988000521773,,,,,-0.09014844950248935,0.12969848796524985,0.2198469374677392,1.4686248331108067,52.694462346933705,,,
2001-05-14,7.63,,6.309000000000001,7.8180000000000005,5.152849999999997,45.40532948695923,52.85531729444959,,,,,-0.10862256519523453,0.08406873097369605,0.19269129616893058,-0.521512385919166,50.07548175117663,,,
2001-05-21,7.53,,6.3383,7.84625,5.177199999999998,43.977374430007565,52.742275993150166,,,,,-0.12264610479794727,0.039383665171496496,0.16202976996944377,-1.439790575916223,48.67041124945992,,,
2001-05-28,7.65,,6.3669,7.877000000000001,5.202599999999998,46.16531641193133,52.53081644855553,,,,,-0.1188255510891626,0.013497831107990521,0.13232338219715312,1.5936254980079696,47.071757336486506,,,
2001-06-04,7.67,,6.3958,7.906750000000001,5.228499999999998,46.54006002749477,52.386897696022416,,,,,-0.11013188404374334,-0.005341472857526064,0.10479041118621728,-4.125000000000001,47.692247858511024,,,
2001-06-11,8.04,,6.428299999999997,7.949750000000002,5.255899999999998,53.051146730825536,52.860207250813296,,,,,-0.07625238518163137,0.00947492970917807,0.08572731489080944,-3.1325301204819462,48.78591467543776,,,
2001-06-18,8.47,,6.465299999999997,8.004000000000001,5.285649999999997,59.26106765290222,53.134337256268395,,,,,-0.02436005974187029,0.05527724021347158,0.07963729995534187,3.5452322738386424,52.977284316460945,,,
2001-06-25,8.16,,6.5002999999999975,8.0455,5.313499999999998,53.742148557874316,52.68469470653217,,,,,-0.011067474738620936,0.06580295653206569,0.07687043127068663,-6.742857142857141,56.4548386170732,,,
2001-07-02,8.13,,6.534199999999998,8.0795,5.341149999999998,53.22555498479141,52.381195000339055,,,,,-0.004771107627967133,0.07090654673572772,0.07567765436369485,-3.6729857819905063,54.49785816277966,,,
2001-07-09,8.27,,6.569099999999997,8.114500000000001,5.369399999999998,55.38103940045008,51.68729433444961,,,,,0.007669976847060181,0.08526512542252007,0.07759514857545989,-4.282407407407419,53.39746988864484,,,
2001-07-16,8.39,,6.604099999999997,8.1415,5.398399999999998,57.201586053736484,51.56512108744379,,,,,0.02201643421195608,0.105115691340405,0.08309925712844891,2.6927784577723455,54.55324599489536,,,
2001-07-23,8.28,,6.637599999999996,8.158750000000001,5.426949999999998,54.986774742736564,51.10303880160931,,,,,0.02207683480445305,0.11069530063401523,0.08861846582956218,5.3435114503816665,55.0351288056206,,,
2001-07-30,7.92,,6.666899999999997,8.166250000000002,5.453499999999998,48.3840207479598,50.763978171641156,,,,,-0.0028248880465655962,0.08508735577135518,0.08791224381792077,4.210526315789478,50.903650954915356,,,
2001-08-06,7.99,,6.696699999999996,8.172250000000002,5.480899999999998,49.650056812611766,50.848462437927296,,,,,-0.014618962882418207,0.06963854021489801,0.08425750309731622,4.718217562254264,46.44099234871321,,,
2001-08-13,8.11,,6.727099999999996,8.17875,5.509249999999997,51.8312549937466,51.34305221671622,,,,,-0.014354950223622917,0.06631381531778757,0.08066876554141049,7.702523240371835,46.06420181403805,,,
2001-08-20,8.13,,6.755799999999996,8.18225,5.536999999999998,52.20290239525355,51.82859313873723,,,,,-0.012896050453488461,0.06454870247454991,0.07744475292803837,6.274509803921574,47.146568262972885,,,
2001-08-27,8.05,,6.785699999999997,8.1745,5.562299999999998,50.52369046993023,52.29618714158885,,,,,-0.01711707020162581,0.05604841517600612,0.07316548537763193,4.954367666232083,47.26571778334036,,,
2001-09-03,8.22,,6.817899999999996,8.1555,5.589249999999997,53.916066741672196,52.84981216514178,,,,,-0.00868345141555349,0.06231117110819007,0.07099462252374356,2.2388059701492726,44.76938745816968,,,
2001-09-10,9.41,,6.862599999999997,8.1635,5.621899999999998,69.61925558551926,54.49832613357209,,,,,0.07235355384628823,0.16143656483160385,0.08908301098531561,11.097992916174727,45.59768346755955,,,
2001-09-17,9.89,,6.912199999999997,8.18875,5.656849999999999,73.53637339960044,55.96155660991316,,,,,0.14917341177130417,0.27554977569944583,0.12637636392814167,21.20098039215687,59.48116898887322,,,
2001-09-24,10.18,,6.962699999999996,8.216750000000001,5.693249999999998,75.5845804563632,57.127521810160374,,,,,0.20685766704862923,0.3849484477389282,0.178090780690299,25.215252152521508,73.31533737944353,,,
2001-10-01,10.1,,7.012099999999996,8.24025,5.729699999999998,73.88570480890166,58.566347256662326,,,,,0.22544018724551776,0.4598910147471962,0.23445082750167842,22.128174123337367,77.4328188551232,,,
2001-10-08,9.77,,7.057999999999996,8.256499999999999,5.763849999999998,67.17813834273043,59.56296035365797,,,,,0.20207213126259105,0.4870409915799172,0.28496886031732616,16.448152562574478,75.3658235221436,,,
2001-10-15,9.6,,7.103499999999997,8.287,5.797199999999998,63.95697926745631,60.175527487015565,,,,,0.16338552190506717,0.4892007626986601,0.3258152407935929,15.942028985507251,69.94358609919372,,,
2001-10-22,9.62,,7.149999999999997,8.32225,5.830649999999997,64.1746202952177,60.67360136140707,,,,,0.12887852352259344,0.48691339519683474,0.3580348716742413,21.464646464646457,67.21474490374472,,,
2001-10-29,9.46,,7.1954999999999965,8.3575,5.862849999999997,61.0011649909204,61.10320066484878,,,,,0.08701921849034938,0.466808894787178,0.37978967629682864,18.397997496871096,65.05056462384434,,,
2001-11-05,9.29,,7.239599999999996,8.3965,5.893499999999998,57.73440381287186,61.77108516948535,,,,,0.04190945298759796,0.43217649253132606,0.3902670395437281,14.549938347718863,61.74948240165633,,,
2001-11-12,8.38,,7.276199999999997,8.415249999999999,5.920349999999997,44.115369068518675,61.37575033062156,,,,,-0.05019350106401682,0.32752516321370706,0.3777186642777239,3.0750307503075027,51.72982302480745,,,
2001-11-19,8.15,,7.311099999999997,8.43175,5.946599999999997,41.4537460029231,60.634499688419886,,,,,-0.1234122737063712,0.22345332214475988,0.3468655958511311,1.242236024844716,41.30379032671694,,,
2001-11-26,8.39,,7.347399999999997,8.449749999999998,5.973549999999998,45.17110269713008,60.13222828141106,,,,,-0.15068097470877556,0.15851437746516162,0.3091953521739372,2.0681265206812642,38.546116794036074,,,
2001-12-03,8.01,,7.378899999999996,8.459,5.998949999999997,40.75835764356904,59.43470450809955,,,,,-0.1869431097881049,0.07551646493880604,0.26245957472691095,-14.877789585547292,36.76343484671312,,,
2001-12-10,8.34,,7.4145999999999965,8.479249999999999,6.0257999999999985,45.71767197948099,58.849104882228744,,,,,-0.18120461160142992,0.03595381022512356,0.21715842182655348,-15.67239635995956,36.744782439979105,,,
2001-12-17,8.32,,7.450499999999996,8.48725,6.052849999999998,45.46923688189777,57.12410354625579,,,,,-0.1713649321008886,0.002952256700442746,0.17431718880133135,-18.271119842829073,37.48446265999264,,,
2001-12-24,8.33,,7.485799999999997,8.487999999999998,6.080149999999998,45.62833175677177,55.13067200033945,,,,,-0.15716541860627092,-0.022139584456507322,0.1350258341497636,-17.52475247524752,37.36194831579037,,,
2001-12-31,7.99,,7.516999999999997,8.483249999999998,6.1058499999999984,41.224473500684816,52.67637864636242,,,,,-0.16295557814504097,-0.0686686385315376,0.09428693961350336,-18.219037871033773,35.2689980105052,,,
2002-01-07,8.17,,7.5505999999999975,8.468749999999998,6.132149999999998,44.290034100609056,50.56240216719867,,,,,-0.14741475383570699,-0.08998150268113037,0.05743325115457661,-14.89583333333333,32.86695897950221,,,
2002-01-14,8.28,,7.584399999999997,8.464749999999999,6.159349999999998,46.13885080472406,49.05959591448392,,,,,-0.1234500062148064,-0.09687925661393137,0.026570749600875014,-13.929313929313931,33.76794850635419,,,
2002-01-21,8.14,,7.615099999999996,8.452249999999998,6.186399999999997,44.13147166006633,47.643488228241786,,,,,-0.11113462674977076,-0.11234753383633844,-0.0012129070865676793,-13.953488372093025,33.994955677327695,,,
2002-01-28,7.81,,7.641899999999997,8.443249999999997,6.210749999999998,39.74226675164025,45.89832011798625,,,,,-0.11863849593159208,-0.14951102700105778,-0.030872531069465702,-15.931108719052741,30.490628400324017,,,
2002-02-04,8.08,,7.6711,8.448749999999997,6.236849999999999,44.597409727851826,44.726623313481355,,,,,-0.09961032155961827,-0.15538543301898855,-0.05577511145937027,-3.579952267303111,28.079780993351623,,,
2002-02-11,8.11,,7.698099999999999,8.461499999999997,6.263149999999999,45.12645691519755,43.82605567793319,,,,,-0.08003907188668083,-0.1558239513177213,-0.07578487943104048,-0.49079754601228126,29.001898518506515,,,
2002-02-18,8.28,,7.7262,8.477749999999997,6.290499999999998,48.14808816760522,44.11410704215366,,,,,-0.05203649221448503,-0.14083049469914677,-0.08879400248466174,-1.3110846245530536,30.14395812127385,,,
2002-02-25,7.99,,7.7486,8.489249999999997,6.315549999999998,43.72484792119666,44.27632860774463,,,,,-0.04945478340371326,-0.1506124817393033,-0.10115769833559005,-0.24968789013732304,29.598494051018847,,,
2002-03-04,7.34,,7.763,8.481499999999997,6.337499999999998,35.78873450941114,43.606159451478995,,,,,-0.08580336292601551,-0.20841190199310944,-0.12260853906709393,-11.990407673860911,22.887741687241512,,,
2002-03-11,7.18,,7.7756,8.469249999999997,6.3585499999999975,34.14584364513783,43.13383702301962,,,,,-0.11318102187773443,-0.26408481641426196,-0.15090379453652752,-13.701923076923084,15.996676679235666,,,
2002-03-18,7.08,,7.7879,8.445249999999998,6.378899999999998,33.122434431917554,42.234177198193656,,,,,-0.1294136772176509,-0.31267089105859114,-0.18325721384094024,-15.006002400960384,13.549496751178516,,,
2002-03-25,7.08,,7.7999,8.410499999999997,6.398399999999998,33.12243443191757,41.352262737480785,,,,,-0.13113319126233985,-0.34717370291886507,-0.2160405116565252,-11.389236545682104,12.232020255736629,,,
2002-04-01,7.21,,7.814699999999999,8.386749999999996,6.418649999999998,36.01384782670053,40.665513885332835,,,,,-0.11507083437716506,-0.35987905462798153,-0.24480822025081647,-11.75030599755202,11.257062370424334,,,
2002-04-08,7.26,,7.8294999999999995,8.364999999999997,6.438649999999998,37.1395373935349,40.373732734822134,,,,,-0.09354830397237646,-0.36174360021628704,-0.2681952962439106,-12.318840579710141,11.615946487450136,,,
2002-04-15,7.14,,7.842,8.336749999999999,6.4579499999999985,35.52423688816583,39.74760436250476,,,,,-0.08036747653612092,-0.3686546419140617,-0.2882871653779408,-12.285012285012295,12.297698998128391,,,
2002-04-22,7.24,,7.8526,8.307999999999996,6.477749999999998,37.94631343342598,39.162423121697756,,,,,-0.05888296789381281,-0.3618908752452068,-0.303007907351394,-7.298335467349545,12.112017937922872,,,
2002-04-29,6.94,,7.8599,8.2745,6.495399999999998,33.83936275565546,38.42727248566841,,,,,-0.05871298551752069,-0.3763991392482948,-0.31768615373077413,-14.108910891089105,9.763820156202394,,,
2002-05-06,6.97,,7.8684,8.250749999999998,6.513349999999998,34.60162001894024,38.06008343333269,,,,,-0.05071779820058342,-0.38108340148150344,-0.33036560328092,-14.056720098643646,7.2787376036924005,,,
2002-05-13,7.01,,7.8766,8.226249999999999,6.531949999999998,35.66592567021648,37.42212028635875,,,,,-0.03748327219740438,-0.3772196935276755,-0.3397364213302711,-15.338164251207726,7.133971887050629,,,
2002-05-20,7.08,,7.8875,8.200499999999998,6.550849999999998,37.580372386289255,36.88311424857958,,,,,-0.01965864405669626,-0.36430972640114145,-0.3446510823444452,-11.389236545682104,8.215376505790616,,,
2002-05-27,7.28,,7.898599999999999,8.17925,6.570349999999998,42.81627221599153,36.50227025203575,,,,,0.008449677040457959,-0.3340889860438727,-0.3425386630843307,-0.8174386920980873,9.364372719965393,,,
2002-06-03,7.41,,7.9106999999999985,8.16325,6.589649999999998,45.98774166435347,36.66390551940409,,,,,0.03704363802535643,-0.2962341155526351,-0.33327775357799155,3.2033426183844074,10.58110950997544,,,
2002-06-10,7.9,,7.9291,8.155249999999999,6.610249999999997,55.91289194765789,38.101345336421716,,,,,0.0873329750295182,-0.2241115347910938,-0.311444509820612,11.581920903954806,13.322935793913626,,,
2002-06-17,8.14,,7.949399999999998,8.123499999999996,6.630499999999997,59.80852911460857,39.93439429852676,,,,,0.13243083779817422,-0.14590596257289423,-0.27833680037106845,14.971751412429386,17.416380082873165,,,
2002-06-24,8.75,,7.975399999999999,8.094999999999997,6.649899999999998,67.63615815541172,42.39966027877639,,,,,0.19522137954975705,-0.03431007593387214,-0.2295314554836292,21.359223300970875,22.476405729818882,,,
2002-07-01,8.96,,8.001199999999999,8.064499999999999,6.667899999999998,69.81563623162849,45.020603264470026,,,,,0.23983775122833323,0.07026573355178733,-0.1695720176765459,23.415977961432525,28.54782085551319,,,
2002-07-08,9.26,,8.030499999999998,8.043499999999998,6.685699999999998,72.64929530896194,47.63742094177441,,,,,0.27592099226323497,0.17532922265249784,-0.10059176961073714,29.69187675070028,34.18792384626486,,,
2002-07-15,9.37,,8.060199999999998,8.033499999999997,6.703599999999998,73.62694252345628,50.24366416534021,,,,,0.2920100533253117,0.2644207970459025,-0.02758925627940921,29.419889502762416,37.16787348138276,,,
2002-07-22,10.13,,8.097299999999999,8.046749999999998,6.725449999999999,79.16757218792651,53.36104525818026,,,,,0.3355396660676633,0.39183532630516993,0.05629566023750662,45.965417867435164,40.62913031985202,,,
2002-07-29,9.76,,8.130099999999999,8.050249999999997,6.743699999999998,71.31271280822816,55.74435949923757,,,,,0.32110786787653134,0.45768049508317077,0.13657262720663946,40.02869440459111,43.31438038935122,,,
2002-08-05,9.92,,8.166099999999998,8.061749999999996,6.7616999999999985,72.57968328932418,58.511525251642475,,,,,0.3041950109590418,0.5168163909054417,0.21262137994639993,41.51212553495007,45.3302790191145,,,
2002-08-12,9.93,,8.202399999999999,8.077749999999998,6.777449999999998,72.66095232346626,61.23004898768005,,,,,0.27634770286980354,0.5580560085336543,0.2817083056638508,40.254237288135585,47.858523212439906,,,
2002-08-19,9.62,,8.233600000000001,8.108749999999997,6.793699999999998,66.11875449084081,63.40525104629607,,,,,0.22205518979128197,0.5592772929029532,0.3372221031116713,32.142857142857125,46.079757305855914,,,
2002-08-26,9.61,,8.261999999999999,8.145249999999997,6.809149999999999,65.9125899582099,65.42898087286184,,,,,0.17267262825455387,0.5530628884298636,0.38039026017530975,29.68960863697705,42.09141263912811,,,
2002-09-02,9.69,,8.290199999999999,8.177749999999998,6.827849999999999,66.80434425842836,67.14241459017875,,,,,0.134306278594938,0.5482731084189822,0.41396682982404426,22.658227848101255,41.55712841253791,,,
2002-09-09,9.65,,8.3136,8.218749999999996,6.847449999999998,65.87637078799165,68.5630309561529,,,,,0.09689167373254731,0.5350814219897284,0.4381897482571811,18.550368550368546,42.26406701756987,,,
2002-09-16,9.92,,8.336899999999998,8.258249999999997,6.869799999999998,69.00602652935663,69.49825485484567,,,,,0.0815975795421543,0.540186722684874,0.4585891431427197,13.371428571428572,41.8277225527512,,,
2002-09-23,10.3,,8.3637,8.307749999999997,6.894599999999998,72.78867175722131,70.42540790074658,,,,,0.0878039002158908,0.5683440184125832,0.4805401181966924,14.95535714285714,45.23066046073172,,,
2002-09-30,10.55,,8.391699999999998,8.363249999999997,6.919699999999998,74.95434000902503,70.94813517600467,,,,,0.09866449966324242,0.6038707427757455,0.5052062431125031,13.930885529157678,49.19896375338505,,,
2002-10-07,11.07,,8.423899999999998,8.440249999999995,6.947249999999998,78.74378895620785,71.58586037061748,,,,,0.12887887318647184,0.6663048345955929,0.537425961409121,18.143009605122746,52.938510238546066,,,
2002-10-14,10.65,,8.4505,8.502249999999997,6.972349999999998,69.5858984059496,71.3670463061166,,,,,0.10935758495846604,0.6741229426072035,0.5647653576487375,5.133267522211249,55.50796841767911,,,
2002-10-21,10.57,,8.4726,8.559499999999996,6.998249999999998,67.96451128508517,70.96258693194724,,,,,0.08113504331210442,0.666184161788868,0.5850491184767636,8.299180327868859,53.621758123739184,,,
2002-10-28,10.47,,8.4875,8.617749999999996,7.022299999999998,65.89756336963069,70.01472915921183,,,,,0.04747692041105622,0.6443952689905839,0.5969183485795276,5.544354838709685,51.83393705398781,,,
2002-11-04,10.16,,8.498199999999999,8.676499999999995,7.0460499999999975,59.823675069624606,69.19408360645443,,,,,-0.001333624002756384,0.5952513185760822,0.5965849425788385,2.316213494461233,48.22234071682831,,,
2002-11-11,9.78,,8.507200000000001,8.718999999999996,7.066849999999999,53.334196703556756,67.81940599318533,,,,,-0.061546880144182525,0.5196513423986104,0.581198222542793,1.6632016632016648,42.796601038651346,,,
2002-11-18,9.04,,8.507,8.742249999999995,7.0840999999999985,43.449667963940946,65.73288568179066,,,,,-0.14858473788947557,0.39546730018094856,0.5440520380704241,-5.931321540062438,34.83886683766318,,,
2002-11-25,8.83,,8.5037,8.755999999999997,7.100249999999997,41.12060127041132,63.94730330890284,,,,,-0.21371105141831653,0.2769132237975285,0.490624275215845,-8.875128998968004,27.730443732845394,,,
2002-12-02,9,,8.5025,8.781249999999996,7.118449999999998,43.74928201019429,62.36420988404458,,,,,-0.2369518015919324,0.19443452322592947,0.4313863248178619,-6.73575129533679,24.790530181481067,,,
2002-12-09,8.99,,8.5086,8.822499999999994,7.137199999999998,43.62589920774278,60.708606666138465,,,,,-0.24366829198600942,0.1268009598353501,0.37046925182135954,-9.374999999999996,25.595619088258314,,,
2002-12-16,8.99,,8.5164,8.867749999999996,7.155999999999998,43.625899207742776,59.11928726754926,,,,,-0.23848206098880903,0.07236667558534826,0.3108487365741573,-12.718446601941752,26.759164680513024,,,
2002-12-23,9.11,,8.527000000000001,8.918499999999996,7.175499999999999,45.754989646142896,57.458498918748276,,,,,-0.2179056371012273,0.038466690197623166,0.25637232729885046,-13.649289099526076,26.48467399070466,,,
2002-12-30,8.57,,8.535400000000001,8.955749999999997,7.1919499999999985,38.67624864304405,55.02189726773562,,,,,-0.23038459570357933,-0.031608417330623695,0.19877617837295564,-22.58355916892502,23.9917291800456,,,
2003-01-06,7.92,,8.538300000000001,8.973499999999998,7.205099999999998,32.21545201316316,51.969119553745486,,,,,-0.26942270995533274,-0.1380022090712103,0.13142050088412244,-25.63380281690141,16.15293587287276,,,
2003-01-13,8.1,,8.544400000000001,8.994499999999999,7.219549999999998,35.43209071605733,48.87542682230617,,,,,-0.26947841615201784,-0.20542751930589986,0.06405089684611798,-23.368022705771054,11.361862780250151,,,
2003-01-20,8.21,,8.549800000000001,9.021249999999998,7.234699999999998,37.38749918821133,46.57554116389629,,,,,-0.24895082463059648,-0.24713763394212762,0.0018131906884688576,-21.585482330468,12.465183501364582,,,
2003-01-27,8.29,,8.5563,9.047499999999998,7.2502999999999975,38.838216829783704,44.49509155994618,,,,,-0.21794523175962227,-0.27061834901105897,-0.05267311725143671,-18.405511811023633,14.458927796368105,,,
2003-02-03,8.39,,8.564900000000002,9.083749999999998,7.266449999999997,40.68815813430289,42.69441975742278,,,,,-0.18022450050265262,-0.2779537428797525,-0.09772924237709987,-14.212678936605306,14.911214496276726,,,
2003-02-10,8.62,,8.571100000000001,9.124999999999996,7.284749999999998,44.82202147707325,41.622873072240544,,,,,-0.13156516927362463,-0.26218570396913066,-0.13062053469550602,-4.646017699115044,15.40632644101105,,,
2003-02-17,8.42,,8.572300000000002,9.160249999999998,7.302199999999998,42.075809671556556,40.818702569954816,,,,,-0.10574226985468871,-0.2627983720138669,-0.1570561021591782,-4.643261608154022,16.586254362425432,,,
2003-02-24,8.38,,8.574300000000001,9.192749999999998,7.320299999999998,41.52779007336806,40.68142557777104,,,,,-0.08513464830368606,-0.2634744125387858,-0.17833976423509973,-6.88888888888888,16.501622701173332,,,
2003-03-03,8.34,,8.570200000000002,9.219249999999999,7.338899999999998,40.953359136752624,40.669479711081124,,,,,-0.06868210837331482,-0.26419239970174324,-0.19551029132842843,-7.230255839822028,15.305868356251551,,,
2003-03-10,8.17,,8.5675,9.238249999999997,7.356449999999998,38.5149744180616,40.29560059735736,,,,,-0.0638361183134806,-0.27530543922027917,-0.21146932090679857,-9.121245828698557,13.508552817703197,,,
2003-03-17,7.69,,8.558,9.232999999999999,7.371049999999998,32.61089241232598,39.50881439768473,,,,,-0.08615690401993883,-0.3191654509317221,-0.23300854691178327,-15.587266739846314,9.135727663324863,,,
2003-03-24,7.75,,8.5538,9.223249999999997,7.386099999999998,33.973392218005145,38.819349612703476,,,,,-0.08967729852517015,-0.3451051700682459,-0.2554278715430758,-9.568261376896153,6.091318239598707,,,
2003-03-31,7.24,,8.547600000000001,9.185499999999998,7.398799999999998,28.66768813552214,37.59882807623057,,,,,-0.1174011028253128,-0.4021792500747168,-0.284778147249404,-8.585858585858583,2.816302454147624,,,
2003-04-07,7.21,,8.543700000000001,9.141749999999998,7.411849999999998,28.386849362891,36.863870984791056,,,,,-0.12794174836049022,-0.4447053327000168,-0.31676358433952656,-10.987654320987652,-1.7426135780067915,,,
2003-04-14,6.97,,8.537100000000002,9.084499999999997,7.423049999999997,26.177486687652475,36.43258774725458,,,,,-0.14026986909558897,-0.4921009207090128,-0.3518310516134238,-15.103532277710121,-3.745582072614674,,,
2003-04-21,6.68,,8.5286,9.017249999999997,7.433449999999997,23.77006771852959,35.59958610457403,,,,,-0.155943263982199,-0.5467601315911725,-0.39081686760897355,-19.420989143546436,-6.818942036603446,,,
2003-04-28,6.26,,8.514700000000003,8.920499999999997,7.440799999999997,20.7882707361791,34.413926929428875,,,,,-0.18083265669283477,-0.616857688475017,-0.4360250317821822,-25.38736591179977,-11.762098616424261,,,
2003-05-05,6.53,,8.503300000000003,8.839749999999997,7.449549999999997,27.117758035323035,33.57675130125311,,,,,-0.165747372964882,-0.6432092479882847,-0.4774618750234027,-24.245939675174004,-14.78201634877386,,,
2003-05-12,6.63,,8.489200000000004,8.757499999999997,7.4587499999999975,29.368865055457107,32.76823036704984,,,,,-0.136868763042437,-0.648547828826449,-0.511679065784012,-21.258907363420427,-13.047028086218157,,,
2003-05-19,6.87,,8.473200000000002,8.680999999999997,7.469249999999997,34.59055196375988,32.03741111609888,,,,,-0.09161220340304155,-0.626194320037814,-0.5345821166347724,-18.019093078758956,-10.372710902728242,,,
2003-05-26,6.79,,8.459500000000002,8.610249999999997,7.479899999999998,33.69629922693409,31.4388746557687,,,,,-0.05867553549274407,-0.6079265360007025,-0.5492510005079584,-18.58513189448441,-8.738074882275525,,,
2003-06-02,6.48,,8.443000000000003,8.531999999999998,7.488599999999998,30.414992084743176,30.645103370866924,,,,,-0.04973166086323644,-0.611415576587004,-0.5616839157237675,-20.685434516523863,-10.070479804825169,,,
2003-06-09,6.46,,8.424900000000003,8.451249999999998,7.496999999999997,30.21059395076651,29.877763000439348,,,,,-0.0376743859097004,-0.608776898110893,-0.5711025122011926,-15.994798439531865,-12.414292579581842,,,
2003-06-16,6.07,,8.401700000000003,8.361749999999997,7.502899999999998,26.474360593896137,29.017719155856096,,,,,-0.047824422292719326,-0.6308830400670917,-0.5830586177743724,-21.677419354838705,-15.465716275892868,,,
2003-06-23,6.03,,8.379200000000004,8.264499999999998,7.508399999999998,26.117590935205286,28.553911907490335,,,,,-0.04891630564656635,-0.6442039998325804,-0.595287694186014,-16.712707182320443,-18.43657717440519,,,
2003-06-30,6.11,,8.361100000000004,8.159749999999999,7.513999999999998,28.20156397505538,28.14163846156535,,,,,-0.03650386602421307,-0.6409175267162803,-0.6044136606920673,-15.25658807212205,-18.031680012963708,,,
2003-07-07,6.05,,8.341700000000003,8.047249999999998,7.519199999999997,27.573379791037127,28.06347357981642,,,,,-0.02512913221800883,-0.6358250759645783,-0.6106959437465694,-13.199426111908178,-18.493478803581436,,,
2003-07-14,5.76,,8.318200000000004,7.9144999999999985,7.522649999999998,24.708587412618286,27.800740583368366,,,,,-0.0296218829582785,-0.6477232974444176,-0.6181014144861391,-13.77245508982036,-21.097353726632694,,,
2003-07-21,5.73,,8.294200000000004,7.791499999999999,7.524999999999998,24.425864482436637,27.675624711567234,,,,,-0.02716444133454976,-0.6520569661543263,-0.6248925248197765,-8.466453674121396,-23.68727964027857,,,
2003-07-28,5.77,,8.271400000000003,7.671499999999997,7.528549999999998,25.64747360035004,27.809725131697267,,,,,-0.015950427211474882,-0.6448305588341201,-0.6288801316226452,-11.638591117917315,-24.3904740083831,,,
2003-08-04,6.13,,8.250500000000002,7.562999999999998,7.5341999999999985,35.71847069623067,28.876167985986662,,,,,0.02062218643228586,-0.6031023985822879,-0.6237245850145737,-7.541478129713424,-23.017342987034876,,,
2003-08-11,6.07,,8.217100000000002,7.460749999999999,7.539849999999998,34.87071440985328,29.429950584167393,,,,,0.04432146119957914,-0.5683227585150998,-0.612644219714679,-11.644832605531294,-20.649342782724588,,,
2003-08-18,5.62,,8.174400000000002,7.356749999999998,7.543299999999999,29.261297826903714,29.422267210699296,,,,,0.033719714948351576,-0.5704945760292395,-0.604214290977591,-17.23122238586156,-21.96487073749926,,,
2003-08-25,5.46,,8.127200000000004,7.267249999999997,7.544949999999997,27.563509607041794,28.92033561379086,,,,,0.020604782756923568,-0.5784583125314366,-0.5990630952883602,-15.740740740740746,-25.759053158938848,,,
2003-09-01,5.42,,8.080400000000004,7.181999999999997,7.546249999999998,27.1395569350436,28.451996878655827,,,,,0.014213297913850065,-0.5812964728960477,-0.5955097708098978,-16.09907120743034,-28.786615380477198,,,
2003-09-08,5.42,,8.036900000000005,7.092499999999997,7.547449999999998,27.1395569350436,28.21803722510586,,,,,0.014891303382512655,-0.576895641581757,-0.5917869449642696,-10.708401976935754,-29.402272574463815,,,
2003-09-15,5.26,,7.993500000000004,6.999249999999998,7.548499999999998,25.332039959696445,27.869569082886567,,,,,0.00972001974933101,-0.5796369202776059,-0.589356940026937,-12.76948590381427,-28.7399748573119,,,
2003-09-22,5.45,,7.951800000000004,6.9107499999999975,7.550899999999998,31.19252490463444,28.206580819367876,,,,,0.023467630704882447,-0.560022401645834,-0.5834900323507164,-10.801963993453358,-29.158097081636246,,,
2003-09-29,5.18,,7.909000000000004,6.812499999999996,7.552249999999998,27.847630839641667,28.330155098256192,,,,,0.01894295295210091,-0.5598113411605903,-0.5787542941126912,-14.380165289256201,-29.71091429569801,,,
2003-10-06,5.02,,7.866300000000004,6.7237499999999955,7.552949999999997,26.063966044882406,28.177469531815266,,,,,0.010179517912869751,-0.566029896721604,-0.5762094146344737,-12.847222222222227,-31.465890842633627,,,
2003-10-13,4.68,,7.829300000000004,6.642749999999997,7.552749999999998,22.73196195615978,27.83165397218117,,,,,-0.01229167499709416,-0.5915740083808414,-0.5792823333837472,-18.324607329842944,-35.224195510042286,,,
2003-10-20,4.89,,7.796700000000004,6.562499999999996,7.553899999999996,28.78741751329771,28.122998979372557,,,,,-0.0070489175994226105,-0.5880934803830256,-0.581044562783603,-15.251299826689774,-37.50965912526963,,,
2003-10-27,4.73,,7.760100000000005,6.475499999999995,7.553749999999996,27.04813687332532,28.310304150150323,,,,,-0.008306896766873906,-0.5914281837421953,-0.5831212869753214,-22.838499184339305,-37.10734083655302,,,
2003-11-03,4.52,,7.7252000000000045,6.381249999999995,7.552049999999997,24.92000255942048,28.258341932941068,,,,,-0.016745416419317816,-0.6040530574994687,-0.5873076410801509,-25.535420098846796,-38.175782378754,,,
2003-11-10,4.74,,7.689200000000005,6.289999999999995,7.551899999999996,31.041239558268515,27.924253994515198,,,,,-0.0017624369605306889,-0.5895106872808142,-0.5877482503202835,-15.658362989323841,-39.376424015539015,,,
2003-11-17,4.75,,7.653500000000005,6.193249999999994,7.551999999999997,31.315356951769758,27.670299890366373,,,,,0.013717559398534362,-0.5706013010721156,-0.58431886047065,-13.003663003663004,-38.49938499384995,,,
2003-11-24,4.48,,7.615000000000005,6.094749999999993,7.550399999999996,28.07083359765066,27.58526673113401,,,,,0.010797378371660948,-0.5708221375060738,-0.5816195158777347,-17.343173431734307,-38.75424384012909,,,
2003-12-01,4.39,,7.579000000000005,5.994999999999994,7.5479999999999965,27.06424304126284,27.54960483357837,,,,,0.007959973422538735,-0.5716695490995614,-0.5796295225221001,-19.003690036900373,-41.35252379190909,,,
2003-12-08,4.34,,7.540700000000005,5.894999999999993,7.5456499999999975,26.495800252771474,27.503622213416076,,,,,0.00785775653447307,-0.5698073268540087,-0.5776650833884818,-17.490494296577946,-43.14626548339132,,,
2003-12-15,4.33,,7.501200000000004,5.798999999999993,7.542799999999996,26.376477749499415,27.44911655730578,,,,,0.012010058047961736,-0.5626525108285296,-0.5746625688764914,-20.55045871559633,-43.05791131572572,,,
2003-12-22,4.28,,7.462600000000005,5.713749999999994,7.5388499999999965,25.752008426837122,27.47911430495869,,,,,0.01603125886075296,-0.5546234953005502,-0.5706547541613032,-17.374517374517364,-43.23155867419092,,,
2003-12-29,4.08,,7.4253000000000045,5.621999999999993,7.533599999999996,23.36873342836111,26.92027205665345,,,,,0.010150302248480458,-0.5579668763507026,-0.5681171785991831,-18.725099601593616,-44.47626427681009,,,
2004-01-05,4.01,,7.384600000000005,5.541249999999993,7.527849999999996,22.581035623990104,26.544086684106908,,,,,0.0066443163665586,-0.5598117831409848,-0.5664560995075434,-14.316239316239317,-46.38594030293631,,,
2004-01-12,3.94,,7.3429000000000055,5.459499999999992,7.520499999999996,21.790052143803763,26.23880711974415,,,,,0.004795561959881844,-0.5604616470576911,-0.5652572090175729,-19.42740286298568,-47.2849380716142,,,
2004-01-19,3.79,,7.298000000000005,5.379999999999993,7.512099999999996,20.160380238027813,26.05512271130615,,,,,-0.0010339002642616446,-0.5665495843479,-0.5655156840836384,-19.873150105708252,-47.767446889021045,,,
2004-01-26,4.05,,7.258600000000005,5.314249999999992,7.503599999999995,29.941123319187824,26.13753026886973,,,,,0.017114795646332448,-0.5441221895257229,-0.5612369851720553,-10.39823008849557,-48.92471299747669,,,
2004-02-02,4.34,,7.228600000000005,5.266249999999992,7.495799999999996,38.92792937471138,26.98608687611159,,,,,0.05121667374601502,-0.49721614298953654,-0.5484328167355516,-8.438818565400851,-47.036552905878146,,,
2004-02-09,4.25,,7.199300000000005,5.209249999999993,7.487449999999996,37.32762796587438,27.87234583371544,,,,,0.06916257516640656,-0.4619795977775434,-0.5311421729439499,-10.526315789473685,-44.06248728692895,,,
2004-02-16,4.22,,7.170700000000005,5.148999999999993,7.479299999999996,36.78478756214109,28.282599262563483,,,,,0.07971289392095082,-0.4315010555427614,-0.5112139494637122,-5.803571428571443,-42.9835874183783,,,
2004-02-23,4.34,,7.143300000000005,5.085749999999993,7.471599999999996,40.511448174217236,28.93946292130973,,,,,0.09446570735724186,-0.3931318152671599,-0.48759752262440176,-1.1389521640091076,-42.182393825541666,,,
2004-03-01,4.35,,7.1147000000000045,5.024749999999994,7.464699999999997,40.82451962870826,29.850440494956704,,,,,0.10384394671054281,-0.35779258923622326,-0.46163653594676607,0.2304147465437739,-42.05500693707667,,,
2004-03-08,4.39,,7.086000000000005,4.972499999999994,7.457749999999996,42.13629947219487,30.927015954308988,,,,,0.11103973290222952,-0.3228368698189792,-0.4338766027212087,1.3856812933025313,-41.525244892819,,,
2004-03-15,4.43,,7.058900000000005,4.921749999999993,7.450449999999997,43.48546125919707,32.14056316905367,,,,,0.11623730271840532,-0.28857997432320204,-0.40481727704160736,3.504672897196249,-40.17606497506202,,,
2004-03-22,4.42,,7.030700000000004,4.880499999999993,7.441649999999997,43.214186825995654,33.34325667451769,,,,,0.11645415250778829,-0.259249586406872,-0.3757037389146603,8.33333333333333,-39.77259550784049,,,
2004-03-29,4.16,,7.002900000000004,4.833749999999993,7.4313999999999965,36.78830677669587,34.1315636995076,,,,,0.09731797732843755,-0.25405626725411334,-0.3513742445825509,3.740648379052378,-41.398246045406125,,,
2004-04-05,4.06,,6.973800000000004,4.7824999999999935,7.4210999999999965,34.65393457596785,34.93764949576522,,,,,0.07704386980810612,-0.25506940732241823,-0.33211327713052435,3.0456852791878086,-43.777957128982415,,,
2004-04-12,3.96,,6.943300000000005,4.730249999999993,7.409949999999997,32.6160640369514,35.65443723954817,,,,,0.05694373199578562,-0.26093361213579236,-0.317877344131578,4.4854881266490745,-45.132852475186496,,,
2004-04-19,3.81,,6.910600000000005,4.681499999999993,7.399049999999996,29.78650041390253,36.22561211598379,,,,,0.0346856479894842,-0.27452028414472274,-0.30920593213420694,-5.925925925925921,-46.76581761804475,,,
2004-04-26,3.91,,6.876900000000005,4.635999999999994,7.387749999999996,33.90331239122037,37.20725012692612,,,,,0.028117171004972852,-0.2740594683779909,-0.30217663938296374,-9.907834101382482,-47.646137356748305,,,
2004-05-03,3.99,,6.842700000000005,4.591499999999993,7.376699999999996,37.08159692376386,37.71728395582441,,,,,0.030386528164351057,-0.2641934791775249,-0.29458000734187595,-6.1176470588235246,-46.739332383724545,,,
2004-05-10,4.48,,6.808500000000005,4.550249999999993,7.368799999999997,52.23244298917082,38.66760635685723,,,,,0.06417229021658144,-0.21436464457114912,-0.27853693478773056,6.16113744075831,-43.91544598933431,,,
2004-05-17,4.32,,6.770300000000004,4.506499999999993,7.359849999999997,48.15481588706984,39.4409769226569,,,,,0.07431307569471945,-0.18564559016933124,-0.2599586658640507,-0.4608294930875478,-41.161457650734974,,,
2004-05-24,4.24,,6.7252000000000045,4.471999999999992,7.350299999999996,46.21223621186274,40.114366111922735,,,,,0.07403808977783194,-0.1674110536417608,-0.24144914341959273,-2.528735632183895,-40.880303333770755,,,
2004-05-31,4.16,,6.6772000000000045,4.439499999999994,7.339199999999996,44.2882060067307,40.38413452853084,,,,,0.06708036757075306,-0.1575986839561514,-0.22467905152690446,-5.239179954441903,-41.90107967160277,,,
2004-06-07,4.05,,6.625100000000004,4.405249999999993,7.327799999999996,41.71633920321374,40.4478359267098,,,,,0.05423135137709767,-0.15688986230553237,-0.21112121368263004,-8.577878103837469,-43.12553254868276,,,
2004-06-14,4.02,,6.5716000000000045,4.370249999999992,7.3158999999999965,41.016763012042944,40.36786903669895,,,,,0.043345161792600256,-0.1569397614418797,-0.20028492323447997,-9.049773755656117,-44.14338151111236,,,
2004-06-21,4,,6.510300000000004,4.338749999999993,7.303799999999996,40.528801003083835,40.15667901840515,,,,,0.03479929019367495,-0.15678581049238627,-0.19158510068606122,-3.8461538461538494,-44.53634329084365,,,
2004-06-28,4.17,,6.454400000000004,4.306749999999994,7.292249999999997,46.36919992578941,40.382037096961845,,,,,0.04021431478304299,-0.1413172072072575,-0.18153152199030048,2.709359605911338,-45.07139326515412,,,
2004-07-05,4.08,,6.396000000000004,4.279249999999994,7.281049999999997,43.910623607167906,40.89077401342413,,,,,0.03741164494834809,-0.13476696580486536,-0.17217861075321345,3.030303030303033,-44.28911092672521,,,
2004-07-12,4.02,,6.336900000000005,4.254249999999994,7.269649999999997,42.30037928150987,41.43694863524856,,,,,0.03143446524386806,-0.13288552919837837,-0.16431999444224643,5.511811023622034,-43.98776391052013,,,
2004-07-19,3.95,,6.280200000000005,4.235999999999995,7.256899999999997,40.4372817125256,41.995607040646725,,,,,0.023071075747408354,-0.13548114975798597,-0.15855222550539433,1.0230179028133002,-45.56852209442255,,,
2004-07-26,4.02,,6.224300000000005,4.2142499999999945,7.243149999999997,43.13455210518987,42.9490393043101,,,,,0.022532368165196603,-0.1303867652988986,-0.1529191334640952,0.7518796992481043,-45.61065358331876,,,
2004-08-02,4.19,,6.169300000000005,4.200749999999995,7.229749999999997,49.15630146834657,44.03853852410483,,,,,0.033256670116076886,-0.11134829581899908,-0.14460496593507596,-6.473214285714286,-44.103086268038375,,,
2004-08-09,4.2,,6.114800000000006,4.192749999999995,7.214199999999996,49.49510152604183,44.925217424267544,,,,,0.040191597723057165,-0.09436546878125451,-0.13455706650431168,-2.77777777777778,-42.65691951564449,,,
2004-08-16,4.07,,6.056300000000006,4.175999999999995,7.1965999999999966,45.27171061330507,44.42802225456285,,,,,0.03536180082347065,-0.09035481547497337,-0.12571661629844402,-4.009433962264149,-42.315557874843115,,,
2004-08-23,3.97,,5.9930000000000065,4.156499999999995,7.178349999999997,42.28285653558077,44.008596586599346,,,,,0.02524522167559058,-0.0941600892039558,-0.11940531087954638,-4.567307692307691,-43.15932356767153,,,
2004-08-30,3.89,,5.926400000000006,4.141749999999995,7.159049999999996,40.007279718874024,43.56538540852872,,,,,0.013564131941830357,-0.10245014595225843,-0.11601427789408879,-3.95061728395061,-44.28495481127062,,,
2004-09-06,3.88,,5.854500000000007,4.128999999999995,7.139199999999996,39.71952271788676,43.23905088789701,,,,,0.005951100375175752,-0.1085754024251191,-0.11452650280029485,-3.4825870646766095,-44.77219418579858,,,
2004-09-13,3.83,,5.786300000000008,4.1162499999999955,7.118399999999997,38.23856339084744,42.990638329870855,,,,,-0.0012793337633038304,-0.11612567000442464,-0.11484633624112081,-4.249999999999998,-45.11056300879659,,,
2004-09-20,3.78,,5.718400000000007,4.102499999999996,7.095499999999998,36.76242215858713,42.6867568403383,,,,,-0.007888016080252955,-0.12470635634143701,-0.11681834026118405,-9.352517985611515,-45.72756524848054,,,
2004-09-27,3.78,,5.6515000000000075,4.089999999999995,7.069499999999997,36.76242215858713,42.4177297800171,,,,,-0.010551696778305641,-0.1300079612340661,-0.11945626445576046,-7.352941176470595,-45.833871407458446,,,
2004-10-04,3.73,,5.587200000000007,4.081249999999995,7.042699999999996,35.18706596196682,41.619005925458346,,,,,-0.013769926084836431,-0.136668672061806,-0.12289874597696956,-7.213930348258697,-46.4154530919148,,,
2004-10-11,3.74,,5.526800000000009,4.074499999999995,7.016999999999997,35.77980150502985,41.03823291816277,,,,,-0.013306586541672633,-0.13953197915406035,-0.12622539261238772,-5.316455696202531,-46.57741214912061,,,
2004-10-18,3.78,,5.474200000000008,4.070499999999996,6.990599999999996,38.213881655424665,40.74634023058526,,,,,-0.008615141674942012,-0.13699431970606524,-0.12837917803112323,-5.970149253731338,-45.58158771159695,,,
2004-10-25,3.63,,5.422200000000008,4.066499999999995,6.962949999999996,33.14110069083759,40.22518444332183,,,,,-0.013625256070385366,-0.14541074811910493,-0.13178549204871956,-13.365155131264927,-46.60431099164465,,,
2004-11-01,3.29,,5.365100000000008,4.047499999999995,6.933799999999996,25.030305318435225,38.93202395855364,,,,,-0.036547782796159306,-0.1774702205439187,-0.1409224377477594,-21.666666666666668,-49.888437762902825,,,
2004-11-08,3.31,,5.308300000000008,4.0217499999999955,6.908449999999997,26.174860030092205,37.29049242724976,,,,,-0.04643816705663803,-0.19897014656855694,-0.1525319795119189,-18.673218673218678,-51.829877224930996,,,
2004-11-15,3.21,,5.250500000000009,3.9957499999999953,6.883449999999995,24.186569780762582,35.48274015972981,,,,,-0.05519406429032753,-0.22152455987482833,-0.1663304955845008,-19.14357682619648,-52.241973998408085,,,
2004-11-22,3.15,,5.19090000000001,3.9689999999999954,6.8589499999999965,23.054962411547493,33.895829573889976,,,,,-0.06010138344303226,-0.24145722488829113,-0.18135584144525888,-19.02313624678664,-52.95649215201861,,,
2004-11-29,3.2,,5.13720000000001,3.9404999999999952,6.836299999999997,26.155541645123037,32.74387851028586,,,,,-0.055182312404908174,-0.2503337319513941,-0.1951514195464859,-17.525773195876283,-53.463516733094366,,,
2004-12-06,3.17,,5.0897000000000086,3.910999999999995,6.8139999999999965,25.491800615683744,31.707058574343694,,,,,-0.04934175764939125,-0.256828616608225,-0.20748685895883373,-17.232375979112273,-53.16106932757466,,,
2004-12-13,3.06,,5.039300000000009,3.8777499999999954,6.791849999999996,23.170038037390214,30.5249525257368,,,,,-0.04822275954218075,-0.26776530838655965,-0.2195425488443789,-19.04761904761904,-53.458142210402094,,,
2004-12-20,3.05,,4.987700000000008,3.8432499999999954,6.768749999999996,22.965261270009847,29.4340023742484,,,,,-0.043630125594988606,-0.27408020583811465,-0.23045008024312605,-19.312169312169313,-54.20236408745777,,,
2004-12-27,3.1,,4.935800000000008,3.810249999999995,6.746049999999996,26.464746907053907,28.698454141996024,,,,,-0.033172535748526966,-0.27191574992878476,-0.2387432141802578,-16.89008042895442,-54.793335589905624,,,
2005-01-03,3.07,,4.882600000000008,3.7829999999999955,6.7237499999999955,25.710077202686463,27.90900093086026,,,,,-0.024616915493908292,-0.26951435854764316,-0.24489744305373487,-17.914438502673807,-55.24156722444884,,,
2005-01-10,3.22,,4.828600000000008,3.7619999999999956,6.699849999999995,35.59875293328608,27.938407143097347,,,,,-0.006158626266341172,-0.25259572588666135,-0.24643709962032018,-14.814814814814804,-54.02873393467084,,,
2005-01-17,3.37,,4.778100000000008,3.7472499999999953,6.675199999999997,43.673121937136166,28.502215745390657,,,,,0.017552886759728242,-0.22449599117065988,-0.24204887793038812,-7.162534435261702,-52.03636418917894,,,
2005-01-24,3.27,,4.727000000000008,3.7337499999999957,6.650649999999996,40.0665874111245,28.63455187079779,,,,,0.027319599462672983,-0.20789937860204688,-0.23521897806471986,-0.6079027355623106,-50.868948259814786,,,
2005-01-31,3.19,,4.675500000000008,3.715749999999995,6.622849999999996,37.40534640162664,28.939140850139864,,,,,0.029048080643133856,-0.19890887726080253,-0.22795695790393639,-3.625377643504535,-51.13806941763933,,,
2005-02-07,3.12,,4.625000000000009,3.6939999999999955,6.596249999999997,35.2020995578531,29.66569758152686,,,,,0.026219714378633407,-0.19518231493064464,-0.22140202930927805,-2.8037383177570048,-51.784066441095064,,,
2005-02-14,2.93,,4.577400000000009,3.6552499999999952,6.567699999999997,30.031440683432905,29.94116762819405,,,,,0.01296559235878339,-0.20519503886079882,-0.2181606312195822,-6.984126984126976,-53.28293553045105,,,
2005-02-21,2.85,,4.5284000000000075,3.618499999999995,6.541099999999997,28.15613759734876,30.224708186521635,,,,,0.0008620034019004297,-0.21708312696720666,-0.2179451303691071,-10.937500000000002,-55.1837234727187,,,
2005-02-28,2.86,,4.4846000000000075,3.5839999999999947,6.516099999999997,28.75502371214958,30.631855422278925,,,,,-0.004144338523820512,-0.22312555352388275,-0.21898121500006223,-9.779179810725555,-55.943707578305016,,,
2005-03-07,2.73,,4.439800000000008,3.548249999999995,6.491749999999997,25.749926032388984,30.60288287851221,,,,,-0.013364849939262624,-0.23568727742414053,-0.2223224274848779,-10.784313725490199,-56.86927170014769,,,
2005-03-14,2.98,,4.399900000000009,3.521499999999995,6.468499999999997,38.96088718497282,31.564960490604285,,,,,-0.0004621932571065579,-0.2229001690562611,-0.22243797579915453,-2.2950819672131098,-57.01927073937837,,,
2005-03-21,3.18,,4.364900000000008,3.5004999999999944,6.446749999999997,47.0738988060152,33.27237911693464,,,,,0.022440628248769523,-0.19438719048819264,-0.21682781873696216,2.5806451612903247,-53.95658538888978,,,
2005-03-28,3.55,,4.337800000000009,3.489249999999995,6.426249999999997,58.15481740341437,35.785918840749254,,,,,0.061208611700261206,-0.14031705411163564,-0.20152566581189685,15.635179153094464,-50.48214751107637,,,
2005-04-04,3.39,,4.30640000000001,3.469749999999995,6.404849999999997,52.988398709591614,37.680465398073366,,,,,0.0739254209157639,-0.10911888966719197,-0.18304431058295587,5.279503105590059,-47.85764662065253,,,
2005-04-11,3.89,,4.279000000000009,3.464999999999995,6.3840999999999966,63.80876592672624,40.40180030693335,,,,,0.1115983897944704,-0.043546323339867854,-0.15514471313433825,15.43026706231454,-45.45555741080873,,,
2005-04-18,3.86,,4.248900000000009,3.460999999999995,6.361049999999997,62.873700687033384,42.35001086077245,,,,,0.1288607996609294,0.005931286441823502,-0.12292951321910589,18.042813455657488,-41.83448760093194,,,
2005-04-25,4.19,,4.222900000000009,3.466999999999995,6.3412000000000015,68.36534109591751,44.1137408006854,,,,,0.155106001652841,0.07095298884694534,-0.08415301280589564,31.347962382445154,-38.352654838916315,,,
2005-05-02,4.07,,4.198800000000009,3.468249999999995,6.3209,64.62205366879644,45.8677026762334,,,,,0.15653416019639438,0.11151468743959736,-0.04501947275679703,30.448717948717952,-36.14662982715417,,,
2005-05-09,4.39,,4.178100000000009,3.4732499999999953,6.3015,69.42910499954516,48.15511400465615,,,,,0.17005560932684946,0.1675500389017648,-0.0025055704250846675,49.82935153583615,-34.56678700361013,,,
2005-05-16,4.33,,4.160700000000008,3.4764999999999953,6.2812,67.57506720661686,50.4674688367107,,,,,0.1658097786215684,0.20475665285187583,0.03894687423030744,51.92982456140351,-32.256004397700934,,,
2005-05-23,4.02,,4.140600000000009,3.4752499999999955,6.259899999999999,58.83336809267015,52.524749365941936,,,,,0.1343180046063672,0.20684437998826644,0.07252637538189924,40.55944055944055,-32.26581005224053,,,
2005-05-30,3.9,,4.118500000000008,3.4734999999999956,6.239799999999999,55.822952819336734,54.50095045322679,,,,,0.0992190702208301,0.19655021315793686,0.09733114293710676,42.857142857142854,-35.543727721080174,,,
2005-06-06,3.91,,4.097100000000009,3.4739999999999958,6.219399999999999,56.024888509779785,56.44879793877181,,,,,0.07176933770151335,0.18704281506399845,0.1152734773624851,31.208053691275172,-36.23344600662979,,,
2005-06-13,3.81,,4.077600000000008,3.4722499999999963,6.1979,53.39635974870251,58.423543204222774,,,,,0.04336941720146342,0.16948524886431438,0.12611583166285095,19.811320754716977,-36.998197607733935,,,
2005-06-20,3.93,,4.059600000000008,3.474749999999996,6.1769,56.060475062697506,59.64494233834597,,,,,0.02980374640989933,0.16337051467522512,0.1335667682653258,10.704225352112687,-37.59968429879807,,,
2005-06-27,3.75,,4.0394000000000085,3.4739999999999958,6.155399999999999,51.32125986616889,59.948325271214095,,,,,0.007033802915496656,0.14235902190969663,0.13532521899419997,10.619469026548668,-37.62582093000234,,,
2005-07-04,3.67,,4.014800000000008,3.4712499999999964,6.13265,49.325433605485145,59.31765499993343,,,,,-0.01394582740699657,0.11789293473545426,0.13183876214245083,-5.655526992287923,-38.56802225460331,,,
2005-07-11,3.43,,3.9884000000000084,3.463749999999996,6.1027499999999995,43.81986254406846,58.66275955953892,,,,,-0.04288257807798121,0.07823553954497431,0.12111811762295552,-11.139896373056988,-40.983334026017246,,,
2005-07-18,3.39,,3.966100000000008,3.4549999999999956,6.07025,42.95922297150729,57.173506491309,,,,,-0.06242851450924973,0.04308247448639335,0.10551098899564308,-19.093078758949886,-43.27011446236113,,,
2005-07-25,3.3,,3.9445000000000077,3.4429999999999956,6.03585,41.0076603407735,55.61164646657615,,,,,-0.07811243619783935,0.007870443748343892,0.08598287994618324,-18.918918918918926,-44.46638157728922,,,
2005-08-01,3.29,,3.923200000000007,3.4344999999999954,6.001799999999999,40.78595361360292,53.64169021783938,,,,,-0.08527009762597987,-0.020604742086291594,0.06466535553968827,-25.05694760820045,-44.738309702060086,,,
2005-08-08,3.42,,3.9032000000000067,3.4377499999999954,5.97005,44.95252937750622,52.23672419703295,,,,,-0.07757962712911329,-0.03230917837170333,0.04527044875740995,-21.0161662817552,-43.92523364485985,,,
2005-08-15,3.39,,3.8845000000000067,3.439749999999995,5.939,44.17995133180888,50.43321322076606,,,,,-0.07101978891696926,-0.04350428738880163,0.027515501528167632,-15.671641791044763,-42.9435328886118,,,
2005-08-22,3.34,,3.863400000000007,3.442999999999995,5.907599999999999,42.85788750474323,48.66770038491794,,,,,-0.0666269714871863,-0.055768212830815234,0.010858758656371058,-14.358974358974361,-42.38068250124517,,,
2005-08-29,3.7,,3.8486000000000065,3.4567499999999947,5.878799999999999,53.61954918911887,48.295284748949996,,,,,-0.037505580939562015,-0.03602321751808146,0.0014823634214805523,-5.37084398976982,-42.0777763390738,,,
2005-09-05,3.59,,3.8343000000000056,3.466499999999995,5.8503,50.490532619625746,47.914397591827786,,,,,-0.024320210435811423,-0.028917899623283727,-0.004597689187472304,-5.774278215223102,-39.622641509434,,,
2005-09-12,3.54,,3.8229000000000064,3.4757499999999952,5.826099999999999,49.088285454764296,47.41892594504096,,,,,-0.0179299369650306,-0.027010110393760556,-0.009080173428729955,-9.923664122137408,-37.88711658579509,,,
2005-09-19,3.71,,3.811100000000006,3.491999999999995,5.8039,53.78762187894438,47.446873240058245,,,,,-0.002052935373291884,-0.01164634264534481,-0.009593407272052925,-1.0666666666666675,-37.46556232890495,,,
2005-09-26,3.54,,3.7992000000000066,3.5042499999999954,5.779649999999999,48.924349870480796,46.937150012042764,,,,,-0.002755461685765865,-0.013037734379260257,-0.010282272693494392,-3.5422343324250654,-37.21350919404982,,,
2005-10-03,3.59,,3.7899000000000065,3.516499999999995,5.75755,50.346361225922124,46.86751439488228,,,,,0.00023327899484100988,-0.00999067394994313,-0.01022395294478414,4.664723032069962,-38.196501622231665,,,
2005-10-10,3.72,,3.7797000000000067,3.532749999999995,5.734449999999999,53.93721242635389,47.19692716780147,,,,,0.01048384100524468,0.002880848311771711,-0.007602992693472969,9.734513274336285,-37.5016598355214,,,
2005-10-17,3.59,,3.7681000000000062,3.5419999999999954,5.710799999999999,50.040048000970465,47.64122612900876,,,,,0.00813213315456513,0.002562173749733443,-0.005569959404831687,8.787878787878789,-36.44557430090135,,,
2005-10-24,3.58,,3.759100000000006,3.5472499999999947,5.687049999999999,49.74231460369104,48.12573267416474,,,,,0.005644431994741477,0.001485580588595159,-0.004158851406146318,8.814589665653497,-37.06761883508149,,,
2005-10-31,3.48,,3.750000000000006,3.552499999999995,5.664499999999999,46.746962276891956,48.53568281245891,,,,,-0.002554552276953036,-0.0073520417523376125,-0.004797489475384577,1.7543859649122824,-37.53024898273794,,,
2005-11-07,3.56,,3.7422000000000057,3.561749999999995,5.641449999999999,49.37344742204346,49.14907522734752,,,,,-0.0024104520249747,-0.007810554506602951,-0.0054001024816282515,5.014749262536871,-37.27445351380055,,,
2005-11-14,3.69,,3.7358000000000056,3.5759999999999947,5.618499999999999,53.39591538036511,49.75217422755173,,,,,0.006151755099344222,0.002289591392552026,-0.003862163706792196,10.479041916167667,-36.11060907283575,,,
2005-11-21,3.72,,3.7302000000000053,3.5957499999999945,5.5964,54.2983356475962,50.47491596439368,,,,,0.013145636003572247,0.012569881297673113,-0.0005757547058991338,0.540540540540541,-34.038016603910584,,,
2005-11-28,3.63,,3.725700000000006,3.6152499999999947,5.5755,51.101471351598,51.06374338202617,,,,,0.01110180840107449,0.01330150579544398,0.002199697394369489,1.1142061281337057,-33.51245502982835,,,
2005-12-05,3.6,,3.7216000000000067,3.6337499999999947,5.5531,50.04379844788384,50.808332614795084,,,,,0.007304217578307565,0.011329969367253945,0.00402575178894638,1.6949152542372896,-34.073369664606304,,,
2005-12-12,3.65,,3.7187000000000068,3.6567499999999944,5.530799999999999,51.833165801252065,50.90423498491125,,,,,0.007695243247326818,0.013644805848104902,0.005949562600778084,-1.617250673854449,-33.99067239543172,,,
2005-12-19,3.71,,3.717900000000007,3.6749999999999945,5.507949999999998,53.96411232637162,51.25250833288321,,,,,0.011311751996930821,0.02008925259694161,0.008777500600010788,4.802259887005648,-33.624035474265526,,,
2005-12-26,3.71,,3.7145000000000072,3.688249999999995,5.4865499999999985,53.96411232637162,51.26511479341372,,,,,0.012905506088809046,0.024909383211022096,0.01200387712221305,3.3426183844011175,-32.80204370643939,,,
2006-01-02,3.56,,3.7067000000000077,3.688499999999995,5.46765,47.82896736809414,51.18687318610039,,,,,0.0035458256939033973,0.016436159239592296,0.012890333545688899,-4.301075268817208,-33.03053101866047,,,
2006-01-09,3.62,,3.7004000000000077,3.6942499999999954,5.449849999999999,50.26469782407213,51.181040085968256,,,,,0.0012050224261162985,0.014396611578334273,0.013191589152217974,0.8356545961002855,-34.476652064498126,,,
2006-01-16,3.6,,3.6942000000000075,3.6869999999999954,5.432449999999999,49.43616823332534,50.85953692932336,,,,,-0.0017219354566214568,0.011039169831441153,0.01276110528806261,0.5586592178770955,-34.075182345240364,,,
2006-01-23,3.4,,3.6848000000000076,3.675499999999996,5.41405,41.98355124183015,50.28407287509905,,,,,-0.01634610257548815,-0.007671522931297581,0.00867457964419057,-2.2988505747126458,-34.505601741512976,,,
2006-01-30,3.38,,3.675100000000007,3.655249999999996,5.394899999999999,41.31284281201983,49.681967747122535,,,,,-0.026010795263873083,-0.023838914435650782,0.0021718808282223,-5.056179775280903,-36.53962036758063,,,
2006-02-06,3.35,,3.664700000000008,3.637249999999996,5.375349999999998,40.27352077938174,49.21957906872894,,,,,-0.03263923907367269,-0.03862716801386856,-0.005987928940195872,-9.214092140921405,-36.78421589749408,,,
2006-02-13,3.3,,3.653400000000007,3.609999999999996,5.356149999999999,38.53356704749347,48.44530189911823,,,,,-0.038219108779062136,-0.05376181491402354,-0.015542706134961407,-11.29032258064517,-37.02818557717844,,,
2006-02-20,3.28,,3.6420000000000075,3.583749999999996,5.336349999999999,37.82953285011893,47.33341743267207,,,,,-0.0408476075654414,-0.06660221559176316,-0.025754608026321756,-9.641873278236917,-37.55592362023345,,,
2006-02-27,3.29,,3.6333000000000073,3.5654999999999957,5.3180999999999985,38.43521061037335,46.20033707287043,,,,,-0.039480824112777695,-0.07510563816729388,-0.03562481405451618,-8.611111111111112,-37.437317923492095,,,
2006-03-06,3.3,,3.6257000000000077,3.550499999999996,5.2997499999999995,39.07441811562167,45.34126184172926,,,,,-0.035591539416949966,-0.08011423832570364,-0.04452269890875367,-9.589041095890414,-37.315492849748935,,,
2006-03-13,3.31,,3.6192000000000077,3.5354999999999963,5.281249999999999,39.74811538425409,44.60585590861285,,,,,-0.030243962223610796,-0.08232765168826717,-0.05208368946465637,-10.781671159029647,-37.19342117918636,,,
2006-03-20,3.23,,3.613400000000007,3.5209999999999964,5.261999999999998,36.29081951889281,43.49568831701576,,,,,-0.029937342013536913,-0.08950536698157752,-0.0595680249680406,-12.93800539083558,-37.72989254786114,,,
2006-03-27,3.13,,3.6056000000000075,3.5009999999999963,5.241249999999997,32.48696544551383,41.961606396954494,,,,,-0.03401448953728908,-0.10208613688965196,-0.06807164735236287,-12.078651685393263,-39.04093657931465,,,
2006-04-03,3.06,,3.5963000000000074,3.483749999999996,5.219499999999998,30.107981881054258,40.257597079431825,,,,,-0.038633511121937886,-0.11636353625478524,-0.07773002513284735,-15.46961325966851,-39.95893463600717,,,
2006-04-10,3.05,,3.5820000000000074,3.4682499999999963,5.195249999999999,29.772564790457636,38.967854038172064,,,,,-0.0394329187104108,-0.12702117352086084,-0.08758825481045004,-15.277777777777786,-40.285379202502,,,
2006-04-17,3.04,,3.569200000000008,3.4584999999999964,5.169749999999999,29.419605137004638,37.47891884623868,,,,,-0.03770648437935391,-0.13472136028464243,-0.09701487590528853,-10.588235294117643,-40.199727020100404,,,
2006-04-24,3.04,,3.5572000000000075,3.4497499999999968,5.141199999999999,29.419605137004652,36.049164339358626,,,,,-0.03376328646394201,-0.13921898398521604,-0.10545569752127402,-10.059171597633132,-40.6812282242862,,,
2006-05-01,2.96,,3.545200000000007,3.4412499999999957,5.111199999999999,26.504297037835812,34.943503324787606,,,,,-0.03366583277620637,-0.147537988491532,-0.11387215571532562,-11.641791044776124,-41.43397425080161,,,
2006-05-08,2.88,,3.5335000000000076,3.430999999999996,5.0793,23.9485837090092,33.70319910314399,,,,,-0.03590719450648237,-0.1587561488484286,-0.12284895434194622,-12.727272727272727,-41.97601142503325,,,
2006-05-15,3.08,,3.524100000000008,3.422499999999996,5.04785,39.62301986006808,33.65673475176444,,,,,-0.02154619891630352,-0.14978170298732563,-0.1282355040710221,-6.097560975609748,-41.71440056275755,,,
2006-05-22,3.12,,3.515300000000008,3.4157499999999965,5.0128,42.18931960440081,33.917859934400674,,,,,-0.007693712583179579,-0.1378526447999966,-0.130158932216817,-5.167173252279633,-38.91153297664685,,,
2006-05-29,3.22,,3.5058000000000074,3.4127499999999964,4.9801,48.125592220215616,34.65329274655044,,,,,0.008960475131668255,-0.11895833830223168,-0.12791881343389994,-2.424242424242413,-36.678577609463645,,,
2006-06-05,3.27,,3.497700000000007,3.4019999999999966,4.94685,50.84353961686851,35.53960196130009,,,,,0.023286369028626505,-0.0988108521481168,-0.1220972211767433,-1.2084592145015116,-35.531480931052535,,,
2006-06-12,3.26,,3.4901000000000066,3.3937499999999963,4.9135,50.276171698373126,36.339727217210914,,,,,0.031519812262158484,-0.0826974558490452,-0.11421726811120368,0.9287925696594367,-33.53904581058631,,,
2006-06-19,3.31,,3.483700000000007,3.387999999999997,4.881950000000001,53.09459717182537,37.29304734489458,,,,,0.03926023455192808,-0.06514197492129359,-0.10440220947322167,5.750798722044733,-32.475951050258715,,,
2006-06-26,3.35,,3.4770000000000065,3.3789999999999965,4.850650000000001,55.27849865122158,38.64931014006091,,,,,0.04555821648442972,-0.04745443886768452,-0.09301265535211424,9.477124183006538,-31.208246646663433,,,
2006-07-03,3.33,,3.468400000000007,3.3737499999999963,4.81885,53.926527830657385,40.18070745328546,,,,,0.04668905790597863,-0.03465133296964096,-0.08134039087561959,9.180327868852467,-30.539476730724758,,,
2006-07-10,3.44,,3.4608000000000065,3.369999999999996,4.787800000000001,59.75635595520257,42.298448458581774,,,,,0.052711837672567596,-0.015450593784910094,-0.06816243145747769,13.157894736842103,-30.394431554524417,,,
2006-07-17,3.41,,3.4542000000000064,3.362249999999995,4.75525,57.61516751385181,44.28720579596706,,,,,0.05243045167865956,-0.0026243668591532376,-0.0550548185378128,12.171052631578952,-28.865473625834575,,,
2006-07-24,3.4,,3.4485000000000063,3.357499999999996,4.720750000000001,56.883488770772566,46.24891176980763,,,,,0.04936934110821482,0.006656857847455733,-0.04271248326075909,14.864864864864863,-27.70437211300896,,,
2006-07-31,3.44,,3.4440000000000066,3.3539999999999957,4.685200000000001,59.119844189779684,48.37035741643441,,,,,0.04780478197586561,0.017043494209072918,-0.03076128776679269,19.444444444444446,-26.632110895889085,,,
2006-08-07,3.39,,3.439100000000007,3.3517499999999956,4.646800000000002,55.261386959760664,50.42443526800047,,,,,0.04140770255529847,0.020998340427330398,-0.020409362127968074,10.064935064935067,-25.719085068554477,,,
2006-08-14,3.41,,3.434900000000007,3.3479999999999954,4.610600000000001,56.48478071918585,52.74844934015595,,,,,0.03668989845064675,0.02545301093534036,-0.011236887515306387,9.294871794871796,-25.784213477586892,,,
2006-08-21,3.44,,3.4315000000000073,3.3417499999999953,4.57495,58.32567261629661,54.08435310845799,,,,,0.03382649960601363,0.031046236992210652,-0.0027802626138029793,6.832298136645955,-24.75703948316181,,,
2006-08-28,3.49,,3.4286000000000074,3.335999999999996,4.54005,61.26673760183121,55.44702582256016,,,,,0.033474765992891384,0.03906319487731125,0.005588428884419867,6.7278287461773765,-23.605294019098743,,,
2006-09-04,3.42,,3.425500000000008,3.3307499999999957,4.50635,55.37476600327495,55.96482394992154,,,,,0.026981318523985137,0.03931507703940129,0.012333758515416153,4.907975460122704,-23.366904855680033,,,
2006-09-11,3.33,,3.421400000000008,3.323999999999996,4.4741,48.86767713209054,55.82369091529454,,,,,0.015640911882247033,0.031884898368224945,0.016243986485977913,0.6042296072507558,-23.71344366356843,,,
2006-09-18,3.53,,3.418900000000009,3.3209999999999953,4.446549999999999,60.09092724281983,56.52474488275502,,,,,0.020328481692586296,0.041654588601710785,0.02132610690912449,5.3731343283582005,-24.015105705712642,,,
2006-09-25,3.44,,3.417000000000009,3.314249999999995,4.4196,54.31357670218545,56.61181484920932,,,,,0.016262891245355175,0.04165472096581846,0.025391829720463284,3.3033033033032995,-22.5099876015981,,,
2006-10-02,3.31,,3.4172000000000096,3.3042499999999952,4.39115,47.24741753863836,56.03816619831051,,,,,0.00433434152338678,0.03080975662469676,0.02647541510130998,-3.7790697674418574,-22.261239199741343,,,
2006-10-09,3.19,,3.4160000000000093,3.2949999999999946,4.36215,41.83669837018864,55.17460695113417,,,,,-0.011268946656634575,0.012389231780516763,0.023658178437151338,-6.451612903225812,-24.411573169597265,,,
2006-10-16,3.17,,3.4156000000000093,3.283749999999994,4.333049999999999,40.99407891273751,53.834444305243814,,,,,-0.02195008897037089,-0.0037794327758122748,0.018170656194558616,-6.764705882352941,-25.54524063169488,,,
2006-10-23,3.23,,3.4164000000000088,3.274499999999994,4.303649999999999,44.599014489559046,52.9047190892229,,,,,-0.0238307606848717,-0.011617794661531011,0.01221296602334069,-6.104651162790697,-25.620321801143508,,,
2006-10-30,3.12,,3.4156000000000084,3.267499999999994,4.276399999999999,39.79843143667655,51.68435785107319,,,,,-0.03089156772721709,-0.026401493635680673,0.004490074091536417,-7.964601769911504,-25.732589868311884,,,
2006-11-06,3.15,,3.415400000000009,3.2617499999999944,4.252549999999999,41.64332994888853,50.43603540529524,,,,,-0.03182416299852223,-0.035290129656616376,-0.0034659666580941417,-7.62463343108505,-25.427449857417393,,,
2006-11-13,3.06,,3.415400000000009,3.2544999999999944,4.227349999999999,37.89174159786811,49.19534645087435,,,,,-0.03645241162304747,-0.04903148118690348,-0.012579069563856009,-11.046511627906973,-26.54648455315789,,,
2006-11-20,3.15,,3.4164000000000083,3.2507499999999943,4.202049999999999,43.3844914931706,48.25961150615897,,,,,-0.03158414182511936,-0.0520592468452552,-0.020475105020135848,-9.742120343839549,-26.82396696210797,,,
2006-11-27,3.21,,3.4175000000000084,3.2489999999999943,4.176649999999999,46.764627642470806,47.43382257945712,,,,,-0.02286138427186913,-0.04905183535997226,-0.026190451088103132,-6.140350877192981,-24.427434542251497,,,
2006-12-04,3,,3.4168000000000087,3.241749999999995,4.149699999999999,38.17409231079238,45.784347915811495,,,,,-0.029358633343665647,-0.06288874276768519,-0.033530109424019544,-9.909909909909912,-24.80191724542712,,,
2006-12-11,2.98,,3.4144000000000085,3.2337499999999944,4.121499999999998,37.46816408752766,44.50530492182954,,,,,-0.03286262078558864,-0.07460838540600534,-0.0417457646204167,-15.580736543909346,-26.397282361195007,,,
2006-12-18,2.93,,3.4100000000000086,3.2242499999999934,4.094049999999998,35.691203830074755,43.564128257399844,,,,,-0.03614643436958554,-0.08692880758239863,-0.050782373212813085,-14.82558139534883,-26.763984237527723,,,
2006-12-25,2.89,,3.4062000000000086,3.2157499999999937,4.066599999999998,34.29013594476169,41.72121459325284,,,,,-0.03839954263681618,-0.09878180150883331,-0.06038225887201713,-12.68882175226586,-28.252352075066888,,,
2007-01-01,2.93,,3.403600000000008,3.210749999999993,4.039549999999999,36.955342984147386,40.48134075625011,,,,,-0.03469557969061349,-0.10375173348528399,-0.0690561537946705,-8.15047021943573,-28.018692528013805,,,
2007-01-08,2.8,,3.4004000000000083,3.2042499999999934,4.012699999999999,32.36130618325171,39.41804708800821,,,,,-0.03822193237832043,-0.11683356926757105,-0.07861163688925062,-11.671924290220826,-27.783679870491362,,,
2007-01-15,2.7,,3.3981000000000083,3.195499999999993,3.987749999999999,29.339849040107794,38.52541499300243,,,,,-0.04409360416603793,-0.13372864209679802,-0.0896350379307601,-16.40866873065015,-29.99783629675841,,,
2007-01-22,2.59,,3.3955000000000086,3.1842499999999925,3.9619499999999994,26.417939867119784,37.48426220402974,,,,,-0.051665152186733926,-0.1542164781641775,-0.10255132597744357,-16.987179487179496,-32.480045098717646,,,
2007-01-29,2.67,,3.3936000000000086,3.1749999999999927,3.939099999999999,31.742016252160184,36.56590518707268,,,,,-0.04766212518157553,-0.16212898245441298,-0.11446685727283745,-15.238095238095239,-33.62118966295046,,,
2007-02-05,2.59,,3.3922000000000083,3.165749999999993,3.915999999999999,29.44742985776513,35.82654793143615,,,,,-0.04671641866377235,-0.17286238060255288,-0.12614596193878053,-15.359477124183012,-32.97291690975344,,,
2007-02-12,2.57,,3.388100000000008,3.157999999999993,3.893999999999998,28.88525578256396,34.91525691955582,,,,,-0.043801020898717485,-0.1808972380621774,-0.1370962171634599,-18.412698412698415,-32.71876181659359,,,
2007-02-19,2.55,,3.381800000000008,3.1447499999999926,3.8733499999999985,28.30335883507101,34.23037243649889,,,,,-0.039704057400793025,-0.1867262889144512,-0.14702223151365817,-20.560747663551407,-33.66022497836761,,,
2007-02-26,2.91,,3.375400000000008,3.1394999999999924,3.856599999999998,48.438430455292945,34.59136807665048,,,,,-0.010740075159876794,-0.16044732546350415,-0.14970725030362736,-2.999999999999995,-33.206861117698345,,,
2007-03-05,2.75,,3.369000000000008,3.1277499999999927,3.837699999999998,42.69893662820607,34.300961575631575,,,,,-0.0008689735162442092,-0.1507934671989326,-0.1499244936826884,-7.718120805369128,-29.456297315898304,,,
2007-03-12,2.88,,3.358900000000008,3.1179999999999923,3.8189499999999974,48.081775903264926,35.00865326080818,,,,,0.015026724073734898,-0.13114108859051976,-0.14616781266425466,-1.7064846416382342,-26.18012050596561,,,
2007-03-19,2.79,,3.3482000000000083,3.106249999999993,3.798549999999998,44.93465123779804,35.541973771541784,,,,,0.01979110796935965,-0.12142892770255509,-0.14122003567191474,-3.4602076124567502,-25.26338306861346,,,
2007-03-26,2.85,,3.334800000000009,3.0947499999999932,3.778849999999999,47.406157811754504,36.37875619880462,,,,,0.026856384848422954,-0.10764955461138603,-0.134505939459809,-2.730375426621163,-24.862561662432782,,,
2007-04-02,2.84,,3.3225000000000087,3.0819999999999927,3.7606499999999987,47.02730812811755,37.28855421190146,,,,,0.030464995784190346,-0.09642469472957105,-0.1268896905137614,1.42857142857143,-23.951804625027158,,,
2007-04-09,2.71,,3.3057000000000083,3.066499999999993,3.7418999999999984,42.29523302506165,37.66997492910963,,,,,0.023990310579301052,-0.09690180228963508,-0.12089211286893613,0.37037037037036247,-24.786510447072384,,,
2007-04-16,2.68,,3.2892000000000086,3.047499999999993,3.7249499999999984,41.26335438154723,38.30583551470216,,,,,0.01786211200792151,-0.09856447285903425,-0.11642658486695576,3.4749034749034866,-26.487636557057453,,,
2007-04-23,2.63,,3.275300000000008,3.027999999999993,3.7079499999999985,39.532254152626535,39.03386445131065,,,,,0.010955270198591077,-0.1027324971187169,-0.11368776731730798,-1.4981273408239715,-27.24133678628699,,,
2007-04-30,2.7,,3.2633000000000085,3.010499999999993,3.6908999999999987,43.12940129725926,40.22754026774918,,,,,0.01155560833451294,-0.0992432568991668,-0.11079886523367974,4.24710424710426,-27.034431488084724,,,
2007-05-07,2.63,,3.2505000000000086,2.9902499999999934,3.6737999999999986,40.53268512521699,40.85544518725323,,,,,0.00786902020145204,-0.10096258998186469,-0.10883161018331673,2.334630350194555,-26.697370786827797,,,
2007-05-14,2.51,,3.2375000000000087,2.968249999999993,3.6575499999999983,36.47806026311122,41.35763307334939,,,,,-0.0015200915033730111,-0.110731724562533,-0.10921163305915998,-1.5686274509803937,-28.592267403898386,,,
2007-05-21,2.45,,3.222700000000009,2.9442499999999927,3.641149999999998,34.61362594628736,41.76680237075821,,,,,-0.010158717331321968,-0.12191002972331244,-0.11175131239199047,-15.807560137457044,-30.92959004269821,,,
2007-05-28,2.41,,3.2093000000000087,2.9184999999999923,3.624349999999998,33.38843211546906,42.13002189078663,,,,,-0.016574595062370856,-0.13246955621995404,-0.11589496115758319,-12.363636363636358,-32.019511101143884,,,
2007-06-04,2.51,,3.197700000000009,2.893999999999992,3.6062499999999975,39.18405180956733,41.46899484466338,,,,,-0.01228871664635603,-0.13125585696552822,-0.11896714031917219,-12.847222222222227,-32.117456517146806,,,
2007-06-11,2.51,,3.188500000000009,2.8712499999999928,3.588449999999998,39.18405180956734,41.217931643332044,,,,,-0.007873615544254628,-0.12880915974949048,-0.12093554420523585,-10.03584229390682,-30.64892788903841,,,
2007-06-18,2.69,,3.1815000000000087,2.8552499999999927,3.5737999999999976,48.53223846504121,41.250107540601775,,,,,0.007896157988318872,-0.11106534671983725,-0.11896150470815613,-5.614035087719303,-28.780598754726753,,,
2007-06-25,2.98,,3.178300000000009,2.8414999999999924,3.5613999999999972,59.36856789041573,42.28110158721732,,,,,0.036958088715519005,-0.07276389381375736,-0.10972198252927637,4.929577464788737,-24.231614394566485,,,
2007-07-02,2.9,,3.174400000000009,2.8279999999999923,3.5487999999999964,55.873698034267754,42.88592588882541,,,,,0.04913104105657935,-0.04830818120855218,-0.09743922226513153,7.011070110701104,-18.546724690792633,,,
2007-07-09,3.06,,3.1708000000000087,2.8217499999999927,3.536999999999996,60.838971812941416,43.872473294884266,,,,,0.06528444239800588,-0.015833669267624195,-0.08111811166563007,14.179104477611935,-16.25368095956347,,,
2007-07-16,3.37,,3.1706000000000087,2.8262499999999924,3.5275499999999966,68.28516803491316,45.72889722415937,,,,,0.09250977719094171,0.03451910982304707,-0.05799066736789464,28.136882129277577,-13.825402772574137,,,
2007-07-23,4.28,,3.1800000000000086,2.8539999999999925,3.521699999999997,80.19181464330377,48.509501528570546,,,,,0.16332733813028616,0.14616850529496306,-0.017158832835323094,58.51851851851851,-6.227423782690532,,,
2007-07-30,4.24,,3.185400000000009,2.8792499999999928,3.5169999999999972,78.79155046695136,51.31373697959375,,,,,0.19675625166342414,0.2287864817439571,0.03203023008053295,61.216730038022824,10.25900737953966,,,
2007-08-06,4.12,,3.1907000000000085,2.9042499999999927,3.512499999999997,74.58397970870757,53.56049258041149,,,,,0.19944442605210153,0.28133576264565985,0.08189133659355832,64.14342629482073,17.53452848509418,,,
2007-08-13,4.48,,3.2001000000000084,2.937499999999992,3.5114999999999967,78.32372755377122,56.25985275387965,,,,,0.21290188659070794,0.34801869483194325,0.13511680824123531,82.85714285714286,16.176193307902967,,,
2007-08-20,4.29,,3.2059000000000086,2.9682499999999923,3.5084999999999975,72.2789234510502,58.817057267303866,,,,,0.19681890316863535,0.3811404372020295,0.18432153403339416,78.00829875518671,21.466302896615563,,,
2007-08-27,4.55,,3.2160000000000086,3.0032499999999924,3.507599999999997,75.1098045001445,61.709641449722234,,,,,0.19133299695762174,0.42348778023042133,0.2321547832727996,81.27490039840639,24.72774793088404,,,
2007-09-03,4.73,,3.2274000000000087,3.0412499999999922,3.5086499999999967,76.8707914651197,64.81552426041156,,,,,0.18723521400344467,0.4661988007771054,0.27896358677366073,88.44621513944226,28.21071278186728,,,
2007-09-10,4.58,,3.236000000000008,3.080749999999992,3.5078499999999964,72.28137294386482,67.17961862714711,,,,,0.16273571638162643,0.4823832322506938,0.31964751586906737,70.26022304832713,32.1176573071225,,,
2007-09-17,4.16,,3.2417000000000087,3.110249999999992,3.5048999999999966,61.253969494664055,68.75604131893974,,,,,0.1091314465554073,0.4560618240633265,0.3469303775079192,39.597315436241615,26.83607200453273,,,
2007-09-24,4.2,,3.247900000000009,3.1419999999999924,3.5034999999999963,61.85090375995474,69.7073745542907,,,,,0.0692022864801568,0.4334332356081152,0.3642309491279584,44.82758620689656,20.070355995522554,,,
2007-10-01,4.02,,3.2533000000000087,3.1702499999999922,3.5016499999999966,57.553849230571565,69.57775179287326,,,,,0.025739960767907355,0.3964059000878426,0.37066593931993524,31.372549019607828,18.07645886954851,,,
2007-10-08,3.83,,3.2560000000000087,3.192749999999992,3.4990999999999968,53.34121728679436,69.39686031091087,,,,,-0.01835536100032109,0.3477217380695339,0.36607709906985497,13.649851632047477,14.210059214641888,,,
2007-10-15,4.36,,3.2627000000000006,3.2317499999999924,3.499249999999997,61.75133977619982,69.46202945114362,,,,,-0.014545329272765362,0.3478954374788983,0.36244076675166365,1.8691588785046744,11.229199120648497,,,
2007-10-22,4.39,,3.2694000000000005,3.2739999999999925,3.4997999999999974,62.16702963125892,69.02501956516832,,,,,-0.012784558375113053,0.34646006878277236,0.3592446271578854,3.537735849056591,18.623098755548803,,,
2007-10-29,4.65,,3.2796000000000003,3.3254999999999924,3.502649999999997,65.65121574256932,67.986405357973,,,,,0.0023066742877937974,0.36212797001762764,0.35982129572983385,12.864077669902919,26.57675352450759,,,
2007-11-05,5.02,,3.2938000000000005,3.384249999999992,3.507699999999997,69.8995351974372,67.35126141015057,,,,,0.03197676042058206,0.3997922462555614,0.36781548583497936,12.053571428571408,31.081788060221776,,,
2007-11-12,5.37,,3.3110000000000004,3.4537499999999923,3.514849999999997,73.26769857356963,67.25724132906929,,,,,0.06787999974480619,0.45266548551598706,0.3847854857711809,25.174825174825173,40.45269878119525,,,
2007-11-19,5.8,,3.3319000000000005,3.534499999999993,3.5248999999999966,76.71501400195498,67.14233321822528,,,,,0.11075865245579564,0.5232338013409255,0.4124751488851298,27.472527472527474,53.830569303348284,,,
2007-11-26,5.75,,3.352300000000001,3.6144999999999925,3.5333999999999963,75.49587250402061,67.37211529343745,,,,,0.12487666930707342,0.5685709855189716,0.44369431621189814,21.5644820295983,63.638724945525524,,,
2007-12-03,5.63,,3.3730000000000007,3.6824999999999926,3.539849999999997,72.51727944252967,67.18693493217924,,,,,0.11547613135879053,0.5880394804103863,0.4725633490515958,22.925764192139734,63.55678415111687,,,
2007-12-10,5.54,,3.3922000000000008,3.752249999999992,3.546299999999997,70.27777506698197,66.71600518945512,,,,,0.09347874707791054,0.589411782898984,0.49593303582107345,33.17307692307692,60.50926125504701,,,
2007-12-17,5.68,,3.4130000000000007,3.8222499999999924,3.553599999999997,71.7398034383574,66.67732165334745,,,,,0.07920404849484841,0.594938096439634,0.5157340479447856,35.23809523809523,59.476824231298444,,,
2007-12-24,5.73,,3.4363000000000006,3.8957499999999925,3.5605499999999974,72.26453428894095,67.46379056722438,,,,,0.06459397118999954,0.596476511932285,0.5318825407422855,42.537313432835845,59.898077501180694,,,
2007-12-31,6.36,,3.466100000000001,3.9834999999999923,3.570599999999997,77.84621084709512,68.60631250202012,,,,,0.08740659168191389,0.6411407803446778,0.5537341886627639,66.05744125326372,64.36517343310402,,,
2008-01-07,6.68,,3.499400000000001,4.079499999999992,3.5820499999999975,80.04313760859438,70.21269024330746,,,,,0.1124964658059967,0.6943547709202598,0.5818583051142631,53.21100917431191,76.12301559051717,,,
2008-01-14,7.04,,3.5368000000000013,4.187749999999992,3.5950999999999977,82.18367532885425,72.27286581774031,,,,,0.13999473007979202,0.7568517177140031,0.616856987634211,60.36446469248293,86.06301447629819,,,
2008-01-21,6.99,,3.5739000000000014,4.2954999999999925,3.607949999999998,80.88602905329029,73.63962933753248,,,,,0.14107670371608105,0.7932028672793123,0.6521261635632313,50.32258064516129,93.02289407073219,,,
2008-01-28,6.96,,3.6106000000000016,4.4037499999999925,3.6219499999999982,80.06912363973912,74.91835033813823,,,,,0.12649955023518455,0.8102506013572119,0.6837510511220274,38.64541832669324,94.001042561884,,,
2008-02-04,7.25,,3.650100000000001,4.517499999999993,3.6378999999999984,81.96526001931765,76.08363921504882,,,,,0.12300505207645229,0.8375073662175927,0.7145023141411404,35.009310986964614,92.24023012699033,,,
2008-02-11,7.3,,3.6900000000000013,4.634249999999993,3.6545999999999985,82.27830385155991,76.96783697605758,,,,,0.11104354222351898,0.8533067419205391,0.7422631996970201,25.862068965517242,97.91884908163931,,,
2008-02-18,7.35,,3.731200000000001,4.755249999999992,3.6722999999999986,82.60349738165075,77.63467974806338,,,,,0.09414902489135812,0.8599494808112178,0.7658004559198597,27.826086956521735,101.55965470746,,,
2008-02-25,7.67,,3.7766000000000006,4.885749999999992,3.691099999999999,84.5566763572655,78.19479848772842,,,,,0.09206441711352364,0.8808809773117643,0.7888165601982406,36.234458259325045,99.5157384987889,,,
2008-03-03,7.92,,3.825200000000001,5.023499999999992,3.710749999999998,85.88956876552274,78.93720536354999,,,,,0.09469458241652462,0.9071847882188964,0.8124902058023717,42.96028880866426,104.40467997247025,,,
2008-03-10,8.38,,3.8785000000000007,5.170249999999992,3.730249999999998,87.95034744367837,80.03956736363205,,,,,0.11332787982857173,0.9541500555880864,0.8408221757595147,47.53521126760565,114.039219982471,,,
2008-03-17,8.4,,3.932100000000001,5.317499999999992,3.750649999999999,88.03218689544748,81.30773963709386,,,,,0.11267677293220191,0.981668141924767,0.8689913689925651,46.596858638743456,122.25551212736059,,,
2008-03-24,7.99,,3.9816000000000016,5.449999999999992,3.7693999999999983,76.55350981733058,81.65157580702054,,,,,0.07227429851644629,0.959334242138123,0.8870599436216767,25.628930817610062,121.00570468434479,,,
2008-03-31,7.76,,4.029600000000001,5.569499999999993,3.787399999999999,70.96348249731778,81.5586435361903,,,,,0.0203968532635741,0.9125560102011443,0.8921591569375702,16.167664670658684,111.70727760622398,,,
2008-04-07,7.76,,4.078400000000001,5.690999999999992,3.8059499999999984,70.96348249731778,81.06702008263478,,,,,-0.021321805875690325,0.8655068995929573,0.8868287054686477,10.227272727272723,105.34707682396474,,,
2008-04-14,7.15,,4.1191,5.793249999999992,3.821599999999999,57.94803993605641,79.48879882031065,,,,,-0.09336635185866782,0.7701207656453128,0.8634871175039807,2.2889842632331923,96.33000547959806,,,
2008-04-21,6.84,,4.156300000000001,5.879999999999992,3.8357999999999985,52.66191736274847,77.38010182273165,,,,,-0.16128378210957506,0.6618823898670119,0.8231661719765869,-1.7241379310344842,86.26263164201316,,,
2008-04-28,6.64,,4.190500000000001,5.938999999999992,3.848149999999998,49.52314594620924,75.13989588651158,,,,,-0.21566653086942833,0.5535830083898015,0.7692495392592298,-8.41379310344828,78.82253057759104,,,
2008-05-05,6.9,,4.226800000000001,6.0054999999999925,3.862249999999999,53.41070662671665,73.23572324272426,,,,,-0.2288674969229889,0.4831651681054936,0.7120326650284825,-5.479452054794513,75.70301035180223,,,
2008-05-12,6.63,,4.260500000000001,6.068249999999992,3.8752999999999993,49.175193086229854,70.89357560464656,,,,,-0.24886622944860604,0.400949878217725,0.649816107666331,-9.795918367346935,74.94862201612435,,,
2008-05-19,6.7,,4.294400000000001,6.123749999999992,3.8890499999999992,50.27612801268618,68.60770590186988,,,,,-0.24981208152357337,0.33755100576186425,0.5873630872854376,-12.646675358539762,73.52952758489387,,,
2008-05-26,6.53,,4.326200000000002,6.179749999999992,3.9015999999999997,47.5805557000225,66.106067210325,,,,,-0.2535132411696489,0.27047153582337646,0.5239847769930254,-17.55050505050505,71.62890481921363,,,
2008-06-02,6.68,,4.359700000000002,6.232999999999992,3.914049999999999,50.1216916501392,63.64642544553026,,,,,-0.237747892938859,0.2267999108194516,0.4645478037583106,-20.28639618138426,71.57086424259765,,,
2008-06-09,6.39,,4.3892000000000015,6.274499999999992,3.925,45.52661970492222,60.76335765548736,,,,,-0.23814565684534833,0.1668657327016252,0.4050113895469735,-23.928571428571434,69.24256801549397,,,
2008-06-16,6.7,,4.422100000000001,6.327499999999992,3.9381499999999994,50.726879511618485,58.10453851748309,,,,,-0.20981991445225334,0.14273649648165687,0.3525564109339102,-16.14518147684606,65.36851518253998,,,
2008-06-23,7.41,,4.462200000000001,6.408749999999992,3.9553499999999997,60.11767744446731,56.11064498527022,,,,,-0.13897042944537602,0.1788433741271902,0.3178138035725662,-4.510309278350511,69.5506198347103,,,
2008-06-30,7.63,,4.504100000000001,6.494499999999992,3.9740499999999996,62.50243643090316,55.10699688623969,,,,,-0.07613584701837961,0.22264399479959174,0.29877984181797135,-1.6752577319587616,81.3951096598355,,,
2008-07-07,7.88,,4.549000000000001,6.590999999999992,3.9940499999999997,65.05924574299112,54.68526568950208,,,,,-0.019530683983450703,0.27436648683865794,0.29389717082210864,10.209790209790203,93.28677053751835,,,
2008-07-14,7.67,,4.591600000000002,6.686999999999992,4.01325,61.279402568715355,53.99354569460191,,,,,0.0008910525018742677,0.29501098644945145,0.2941199339475772,12.134502923976608,96.41288712941815,,,
2008-07-21,7.6,,4.633200000000001,6.767999999999992,4.032349999999999,60.02747765899525,54.142076960526104,,,,,0.006495619089066984,0.3022394578089109,0.29574383871984394,14.457831325301205,91.69369551996714,,,
2008-07-28,8.13,,4.6796000000000015,6.8614999999999995,4.0541,65.73533107035331,55.07589222535502,,,,,0.04079506345955203,0.34673766804428396,0.30594260458473194,17.826086956521745,92.23739111800178,,,
2008-08-04,8.14,,4.726800000000002,6.9487499999999995,4.076150000000001,65.83446180786515,56.2409862154733,,,,,0.05800370237459418,0.37844723255297463,0.32044353017838045,22.775263951734548,98.57587002306647,,,
2008-08-11,8.12,,4.774700000000001,7.026249999999999,4.098050000000001,65.42677002614019,57.099276458289275,,,,,0.06155131816104947,0.3973826778796923,0.3358313597186428,21.194029850746254,100.99249395276881,,,
2008-08-18,8.25,,4.821900000000002,7.09825,4.1204,66.86320892400676,58.36270616098762,,,,,0.06578285909483078,0.4180599335871813,0.3522770744923505,26.339969372128632,101.38389424865414,,,
2008-08-25,8.36,,4.871100000000002,7.16225,4.14405,68.07200452660598,59.63384019769618,,,,,0.06879496097435084,0.43827077571028905,0.3694758147359382,25.149700598802394,102.80099612890454,,,
2008-09-01,8.55,,4.9235000000000015,7.2322500000000005,4.170350000000001,70.10084078090858,61.24243198918805,,,,,0.07583345819489551,0.46426763747955757,0.38843417928466206,33.80281690140847,103.86910231435498,,,
2008-09-08,8.54,,4.977000000000002,7.3050000000000015,4.1965,69.84926532483894,62.65154439452374,,,,,0.07209027980179872,0.4785470290369105,0.40645674923511177,27.462686567164162,104.77233990747463,,,
2008-09-15,9.21,,5.037400000000002,7.39675,4.226500000000001,76.0507587398863,64.83184003987832,,,,,0.105017282672491,0.5377283525757255,0.4327110699032345,24.29149797570851,111.66771432715983,,,
2008-09-22,10.25,,5.107600000000002,7.511000000000001,4.2620000000000005,82.17834716672714,67.07837344381464,,,,,0.18257553682260064,0.6609304909314853,0.4783549541088846,34.33813892529489,119.12876515060562,,,
2008-09-29,12.24,,5.198800000000002,7.673750000000001,4.3072,88.33075398324956,69.0935931965848,,,,,0.3442527168292664,0.9086708501454677,0.5644181333162013,55.329949238578685,137.35626033082377,,,
2008-10-06,15.36,,5.320900000000002,7.8987500000000015,4.368149999999999,92.62786482433381,71.24540951040129,,,,,0.6215079635107367,1.3413030877046221,0.7197951241938855,100.26075619295959,179.9619195373923,30.09565143402,,
2008-10-13,15.95,,5.449800000000002,8.130500000000001,4.4326,93.14214982041173,73.25133123021705,,,,,0.7937958932654534,1.7120399907757022,0.9182440975102488,109.86842105263159,219.7374372296374,30.04616482282,,
2008-10-20,16.69,,5.585200000000002,8.37175,4.500799999999999,93.73269830214653,75.56942378260499,,,,,0.8990241525187881,2.042024288158734,1.1430001356399457,105.2890528905289,245.83647626231385,30.12581539922,,
2008-10-27,16.17,,5.714800000000001,8.60125,4.5661499999999995,87.99817233368518,77.56733054508284,,,,,0.8742451559243154,2.23580658054534,1.3615614246210246,98.64864864864866,256.6722602006908,30.51034000278,,
2008-11-03,16.31,,5.847900000000002,8.834999999999999,4.632349999999999,88.20735562018045,79.17247515578478,,,,,0.8094061625380504,2.3733191277935877,1.5639129652555372,100.86206896551725,255.03418272218696,30.57720996258,,
2008-11-10,17.16,,5.989700000000002,9.08275,4.70205,89.4137699729852,80.85671145329334,,,,,0.7663230473685465,2.5218167744662203,1.7554937270976738,108,254.70146233689456,30.81302894558,,
2008-11-17,19.92,,6.159600000000001,9.39825,4.7848,92.20301577709374,82.76930043550432,,,,,0.8592797159281349,2.8295933720078423,1.9703136560797074,138.27751196172252,263.80868272824137,30.90812644958,,
2008-11-24,19.88,,6.329500000000001,9.711500000000001,4.867849999999999,91.82540541008915,84.55231447022449,,,,,0.8519826122545648,3.0352919213979135,2.1833093091433486,132.5146198830409,293.5283162617448,30.86220319158,,
2008-12-01,20.74,,6.507600000000001,10.038250000000001,4.9556,92.53342214660017,86.29955858593836,,,,,0.8377249693402375,3.2304655208186457,2.392740551478408,142.85714285714286,315.246133377681,31.28489061739,,
2008-12-08,21.3,,6.692600000000002,10.37275,5.0465,92.96095110941565,87.93242360940316,,,,,0.7987973606743051,3.3912372523212895,2.5924398916469844,131.2703583061889,316.3136133939046,31.15577885239,,
2008-12-15,20.43,,6.869900000000002,10.674000000000001,5.1339999999999995,84.83396328198339,89.00275917777061,,,,,0.6533678649586832,3.4091497228453385,2.7557818578866553,99.3170731707317,311.4136703274653,31.15779941489,,
2008-12-22,19.55,,7.039500000000001,10.95275,5.217500000000001,77.4576171711285,89.10324906571648,,,,,0.4466813700358512,3.314133570431469,2.867452200395618,59.72222222222222,294.37731196054193,31.22628220639,,
2008-12-29,17.84,,7.191200000000002,11.199,5.2924000000000015,65.5333425155258,87.91432016205924,,,,,0.15844828418699608,3.065512555629363,2.907064271442367,16.14583333333334,263.44019129454256,31.4541308545,,
2009-01-05,16.65,,7.331800000000002,11.421249999999999,5.362000000000002,58.754654458495814,85.80174162457683,,,,,-0.13296292089677975,2.740860620321392,2.873823541218172,4.388714733542315,228.63624591123136,31.7100072271,,
2009-01-12,16.79,,7.474000000000002,11.647,5.431050000000002,59.28819744882327,83.42033681204036,,,,,-0.3259093103720714,2.466436903253083,2.7923462136251542,0.5991611743558889,213.23658875983256,31.6612129714,,
2009-01-19,16.73,,7.615800000000002,11.8865,5.498800000000001,58.93632487230185,80.97706360146108,,,,,-0.4590460119598738,2.218538698675312,2.6775847106351858,3.4632034632034547,211.7757009345789,31.83794218275,,
2009-01-26,16.26,,7.749300000000002,12.122,5.562350000000002,56.126270948874414,78.29089021908452,,,,,-0.5728348974393258,1.9615410888360287,2.5343759862753545,-0.3065603923972849,203.869698900307,32.21803342892,,
2009-02-02,16.05,,7.882300000000002,12.357249999999999,5.625650000000002,54.86748247725509,75.92441237219666,,,,,-0.6506337460110552,1.7210838037615357,2.371717549772591,-6.468531468531465,194.51760990791135,32.00783798412,,
2009-02-09,16.21,,8.015600000000001,12.59,5.6872500000000015,55.683016587941694,73.6012452984653,,,,,-0.6767009309639027,1.5258413860677127,2.2025423170316154,-18.624497991967875,189.02725139866402,31.98524718538,,
2009-02-16,16.76,,8.155300000000002,12.843250000000001,5.751750000000002,58.461637701137775,71.39037870761906,,,,,-0.642545999267012,1.3993598179478504,2.0419058172148623,-15.694164989939628,185.9590875013391,32.26622425412,,
2009-02-23,17.38,,8.300600000000001,13.110249999999999,5.817700000000001,61.399715737951574,69.19014299053748,,,,,-0.5665037407349867,1.3337761412961289,1.9002798820311155,-16.200578592092572,190.362710757802,32.36307595212,,
2009-03-02,18.66,,8.458800000000002,13.413499999999999,5.890650000000002,66.64509221769976,67.3915491910811,,,,,-0.42478274334447375,1.3693014528505234,1.7940841961949971,-12.394366197183102,202.39369584546486,32.65716559745,,
2009-03-09,18.04,,8.612100000000002,13.6975,5.958900000000001,62.23367615277421,65.22728162009352,,,,,-0.3696102291688983,1.3320714097338744,1.7016816389027727,-11.698482623592758,208.99868236347854,33.03326000085,,
2009-03-16,17.74,,8.762700000000002,13.98125,6.025950000000002,60.15865645286691,62.88426057319718,,,,,-0.3503127930126422,1.26379064763697,1.6141034406496122,-9.25831202046037,203.29864954615928,32.93614228902,,
2009-03-23,16.75,,8.903900000000002,14.232499999999998,6.089600000000002,53.78542098856295,60.66650755223857,,,,,-0.3977485185518739,1.1169177924597697,1.5146663110116436,-6.109865470852017,189.17996883291954,33.2604174919,,
2009-03-30,16.53,,9.042200000000003,14.4605,6.152750000000002,52.455502400235304,58.88064221146049,,,,,-0.4344784874194336,0.9715682017373517,1.4060466891567853,-0.7207207207207054,177.38418710096886,33.16882194853,,
2009-04-06,16.19,,9.177800000000001,14.6745,6.214150000000001,50.382127181868164,57.798412544770656,,,,,-0.46924070504806004,0.8194958078467103,1.2887365128947703,-3.573555687909457,169.95363265844955,33.10875507993,,
2009-04-13,15.05,,9.303200000000002,14.85375,6.270350000000002,44.08949186053822,56.750900930630834,,,,,-0.5509319180015537,0.600071615392828,1.1510035333943818,-10.041841004184098,155.36854323853774,32.85087709143,,
2009-04-20,14.87,,9.427400000000002,15.033750000000001,6.325050000000001,43.17260312645719,55.59978705046183,,,,,-0.5952342851394501,0.4069606769700691,1.0021949621095192,-8.548585485854872,142.38692795631883,32.71368998747,,
2009-04-27,13.34,,9.536700000000003,15.17725,6.373000000000002,36.268400149357376,53.98064957025151,,,,,-0.6985768315853823,0.12897392262779128,0.8275507542131736,-16.88473520249222,126.77213460023502,33.13055424874,,
2009-05-04,12.41,,9.635700000000003,15.28425,6.4167000000000005,32.83146184195553,52.31673463404302,,,,,-0.7936244353757412,-0.16447979000650292,0.6291446453692383,-23.442319555829737,105.55271728718334,33.57758056109,,
2009-05-11,12.91,,9.739700000000003,15.4035,6.464100000000001,36.32514138181636,50.99228169865454,,,,,-0.7854222874787233,-0.3526332139791659,0.4327890734995574,-22.97136038186158,98.03941768961965,33.56555823485,,
2009-05-18,12.13,,9.834100000000001,15.50375,6.507800000000002,33.406025968193404,49.401068082958226,,,,,-0.7928316390691685,-0.5582504753369033,0.23458116373226526,-30.207134637514372,94.4689290436318,33.58713281515,,
2009-05-25,11.7,,9.921300000000002,15.59,6.549800000000002,31.884825221916998,47.50272433444246,,,,,-0.7854943596246342,-0.7472867857985275,0.038207573826106705,-37.29903536977493,86.30432573157498,33.70542242098,,
2009-06-01,10.7,,9.999300000000002,15.648500000000002,6.586850000000002,28.62075813155718,45.161370219700004,,,,,-0.8038845776911673,-0.9666481482878524,-0.16276357059668514,-40.687361419068736,74.1158181111545,34.3011919952,,
2009-06-08,10.41,,10.072800000000003,15.695000000000002,6.621800000000002,27.73406915074854,42.38201142920348,,,,,-0.79029349028151,-1.1506304334485726,-0.36033694316706266,-41.31905298759864,63.18800247371693,33.99945395859,,
2009-06-15,10.75,,10.146600000000001,15.750250000000003,6.6586000000000025,30.45442237665509,40.11206473090925,,,,,-0.7153632405110274,-1.254540993805847,-0.5391777532948195,-35.82089552238806,59.999384913465214,34.13337472198,,
2009-06-22,11.09,,10.214700000000002,15.797250000000002,6.697350000000003,33.16391146756513,38.18386866053056,,,,,-0.6042843020909354,-1.2945331309084889,-0.6902488288175535,-32.909860859044166,63.04597086117032,34.32352978505,,
2009-06-29,10.52,,10.277500000000002,15.804000000000002,6.731450000000002,30.984482320779392,36.5552301842603,,,,,-0.5330677953584286,-1.3565835730155893,-0.8235157776571607,-35.021618282890685,62.92241608697326,35.07869615428,,
2009-07-06,10.89,,10.345200000000002,15.77025,6.767950000000002,34.01578039764955,35.23810718407561,,,,,-0.42936600218392995,-1.360223280387073,-0.9308572782031431,-27.641196013289036,59.63762033318986,35.32094683497,,
2009-07-13,10.41,,10.404500000000002,15.646500000000003,6.802300000000002,32.04915060230266,33.92860885696379,,,,,-0.36400568244369014,-1.3858643812577558,-1.0218586988140657,-29.993275050437116,58.13547591104714,35.85460783762,,
2009-07-20,9.8,,10.459600000000002,15.492750000000004,6.832750000000001,29.699192607203003,32.900730338868414,,,,,-0.3335700051330879,-1.4388212052304254,-1.1052512000973376,-26.5367316341829,51.33702253206853,35.60512914822,,
2009-07-27,9.22,,10.506300000000001,15.306000000000003,6.86115,27.625090525874114,31.79019372454105,,,,,-0.3239451021613129,-1.5101825777989788,-1.186237475637666,-25.705076551168407,41.822818411614435,35.96998340748,,
2009-08-03,8.57,,10.544700000000002,15.116000000000003,6.88605,25.47767848649768,31.01942789147964,,,,,-0.33159744274365055,-1.600734279067229,-1.2691368363235784,-33.61735089078234,32.14877322260285,35.93082289423,,
2009-08-10,8.94,,10.588300000000002,14.931750000000003,6.9121500000000005,28.867320940107774,30.73627496991909,,,,,-0.28382788179036167,-1.6239216885615306,-1.340093806771169,-26.298433635614188,26.924215512137494,36.02197891931,,
2009-08-17,9.13,,10.638000000000002,14.731000000000003,6.93985,30.612677663905927,30.328241847211206,,,,,-0.21466538430792892,-1.60842553715608,-1.3937601528481511,-21.96581196581195,30.530598406509736,35.88328132796,,
2009-08-24,9.04,,10.6864,14.459000000000003,6.96715,30.23424573786596,30.101686116473527,,,,,-0.15309950109848325,-1.5851345292212553,-1.432035028122772,-15.514018691588786,33.375418403899374,35.63280399012,,
2009-08-31,9.09,,10.737100000000003,14.189250000000001,6.9952,30.746447050242224,30.020373389925332,,,,,-0.09023899620878995,-1.5448337733837594,-1.4545947771749694,-12.680115273775218,32.536021580051745,35.7582353419,,
2009-09-07,8.78,,10.786600000000004,13.890250000000004,7.0213,29.309681630147963,30.069582211253245,,,,,-0.05263098511780884,-1.5203835085722304,-1.4677525234544215,-18.32558139534884,30.132098279955265,35.94509879019,,
2009-09-14,7.98,,10.822800000000003,13.557250000000002,7.04275,25.940789567653752,29.94149081246076,,,,,-0.06397292061285675,-1.5477186742204925,-1.4837457536076357,-28.043282236248867,21.6590932187397,35.94305676927,,
2009-09-21,7.89,,10.857800000000003,13.243750000000002,7.0636,25.58451049477671,29.59363996375516,,,,,-0.05994482277265689,-1.5586767820734568,-1.4987319593008,-25,14.705456650745552,36.21611947482,,
2009-09-28,8.2,,10.893300000000002,12.960000000000003,7.08645,29.19190706727308,29.309925363734298,,,,,-0.020830553446094857,-1.5247701511084184,-1.5039395976623235,-24.70156106519744,13.844599956713244,36.12174902266,,
2009-10-05,7.87,,10.921800000000003,12.710750000000003,7.107800000000001,27.65502169085981,29.072106747311473,,,,,-0.0025712139937557055,-1.5071536151545182,-1.5045824011607625,-24.399615754082614,13.494968965095785,36.32093125662,,
2009-10-12,7.69,,10.945000000000002,12.486750000000004,7.127999999999999,26.82542155479858,28.55850968710783,,,,,0.011237984583778005,-1.49053492043104,-1.501772905014818,-21.53061224489796,11.583612411884236,35.78701199815,,
2009-10-19,7.45,,10.961500000000003,12.253250000000003,7.146699999999999,25.717651703184686,28.10625976574226,,,,,0.017679346597347934,-1.4796737217681333,-1.4973530683654812,-19.197396963123648,8.273558795975294,36.10656468521,,
2009-10-26,7.6,,10.980000000000002,12.025000000000002,7.16615,27.7264983455901,27.96535303276991,,,,,0.04401361863257347,-1.4423360450747644,-1.486349663707338,-11.318553092182036,5.56272779794739,36.36079896094,,
2009-11-02,7.6,,10.999700000000002,11.808500000000002,7.18635,27.7264983455901,27.97259644846391,,,,,0.07176292971169951,-1.3966460015677136,-1.468408931279413,-14.988814317673379,5.974395448079806,36.4362853744,,
2009-11-09,7.52,,11.019500000000003,11.595250000000002,7.205850000000001,27.270335680456114,28.10064339088951,,,,,0.09367551977097732,-1.3513145315656914,-1.4449900513366687,-17.634173055859815,6.875642707705562,36.69844811392,,
2009-11-16,7.54,,11.038100000000002,11.3785,7.225550000000001,27.591067133381287,28.00948240469476,,,,,0.11694933291494447,-1.298803385192988,-1.4157527181079326,-16.592920353982294,6.29570432396514,36.60290977795,,
2009-11-23,7.64,,11.057200000000002,11.150500000000001,7.2467500000000005,29.270585355470146,27.91361866837792,,,,,0.1446951444932445,-1.234883787491377,-1.3795789319846214,-15.951595159515955,5.986883858684315,36.41970760093,,
2009-11-30,7.24,,11.066000000000004,10.897000000000002,7.266050000000002,26.611642920544554,27.654861324283534,,,,,0.14155081535051295,-1.2026404127964803,-1.3441912281469932,-17.53986332574031,3.797468354430529,36.4426663004,,
2009-12-07,7.09,,11.070100000000002,10.607750000000001,7.284750000000002,25.669930765665413,27.29225301824233,,,,,0.1348417683881764,-1.1756390176617728,-1.3104807860499492,-11.15288220551379,0.5092092527390757,35.78010094322,,
2009-12-14,6.84,,11.068100000000005,10.327750000000002,7.302450000000001,24.136865008943843,26.92276611672775,,,,,0.11956102663690471,-1.1610295027538182,-1.280590529390723,-13.307984790874523,-2.6775906581680093,35.3816824681,,
2009-12-21,6.54,,11.063600000000003,10.04775,7.318750000000001,22.40746764290931,26.67038597924601,,,,,0.09624536743078416,-1.1602838201022427,-1.256529187533027,-20.24390243902438,-6.739078838985177,35.50563868402,,
2009-12-28,6.39,,11.057900000000002,9.78875,7.334250000000001,21.575088470988447,26.383998691832556,,,,,0.07846910992090494,-1.1584428001318958,-1.2369119100528008,-18.805590851334188,-9.936265802946293,35.54725405659,,
2010-01-04,6.02,,11.045600000000002,9.526,7.347849999999999,19.637304133327987,25.701527053693628,,,,,0.050877969856662375,-1.1733144477319728,-1.2241924175886352,-21.716514954486357,-13.724181561585244,35.18005690128,,
2010-01-11,6.1,,11.033600000000003,9.273749999999998,7.361800000000001,21.28353739313306,25.24642103242743,,,,,0.047183412240672684,-1.1652131522877944,-1.2123965645284671,-18.120805369127524,-16.662618917099667,35.21362918018,,
2010-01-18,6.36,,11.023700000000003,9.056499999999998,7.37745,26.549747835965803,25.2267300525108,,,,,0.07004008331117118,-1.1248464603895032,-1.1948865437006744,-16.3157894736842,-16.27713721824024,35.51689525981,,
2010-01-25,6.54,,11.012400000000003,8.848249999999997,7.394499999999999,30.03930713654273,25.53541972632209,,,,,0.10307531705027784,-1.066042397387827,-1.1691177144381049,-13.947368421052627,-13.566172660379197,35.71539647904,,
2010-02-01,6.81,,11.001300000000004,8.684999999999997,7.413250000000001,35.0257890529858,26.05679763399321,,,,,0.14626717538383915,-0.986283745208306,-1.1325509205921451,-9.441489361702128,-11.287265207651078,35.26188200441,,
2010-02-08,7.03,,10.987800000000002,8.550499999999996,7.43315,38.850317975715456,26.851356179002163,,,,,0.19003656499129162,-0.8950052143530307,-1.0850417793443223,-6.763925729442968,-8.494035956137514,35.13048173914,,
2010-02-15,6.56,,10.969400000000002,8.391749999999998,7.45075,34.216561930613295,27.347515196870535,,,,,0.18740615647762082,-0.8507840837472962,-1.038190240224917,-14.136125654450263,-8.029106970172766,35.12359438966,,
2010-02-22,6.71,,10.956600000000003,8.256249999999996,7.469100000000001,36.807071233478716,28.00580120402035,,,,,0.19497095880390025,-0.7944765417200417,-0.9894475005239419,-7.32044198895028,-10.645867542419143,34.79479354315,,
2010-03-01,6.37,,10.942700000000002,8.122999999999998,7.486150000000001,33.579233402524395,28.313561778809937,,,,,0.17681432880807813,-0.7684295895138442,-0.9452439183219223,-10.155148095909729,-12.15256921312716,34.97648036582,,
2010-03-08,6.11,,10.926200000000003,8.008249999999997,7.502300000000002,31.31747457779619,28.649692611470773,,,,,0.14819022137070115,-0.760006141608546,-0.9081963629792471,-10.672514619883035,-15.002009167251131,34.95600163256,,
2010-03-15,5.98,,10.914500000000002,7.8974999999999955,7.516800000000001,30.221388606362908,28.974796742949163,,,,,0.12246436567864849,-0.7551159058809365,-0.877580271559585,-8.562691131498465,-17.829446827020334,34.8245190593,,
2010-03-22,5.8,,10.904100000000003,7.773749999999997,7.530200000000001,28.7224193008407,29.302336335227512,,,,,0.09643366564517808,-0.7570381895031124,-0.8534718551482905,-9.233176838810639,-20.216555064823925,34.8461885698,,
2010-03-29,5.82,,10.895900000000005,7.641999999999998,7.543200000000001,29.14295564140184,29.783442620834116,,,,,0.0841202083267737,-0.7483215947398234,-0.8324418030665971,-3.322259136212613,-21.782942586648122,35.33892180141,,
2010-04-05,5.68,,10.883700000000003,7.520999999999998,7.555250000000001,27.901966128945332,30.235362453545324,,,,,0.07064739159330213,-0.7441325635749694,-0.8147799551682715,-6.885245901639344,-22.791930336956998,35.40833428134,,
2010-04-12,5.57,,10.873100000000004,7.387999999999996,7.5668000000000015,26.931577623416345,30.756381988551635,,,,,0.058907688373524,-0.7411453447013665,-0.8000530330748905,-12.421383647798741,-24.59784391686176,36.14988311133,,
2010-04-19,5.44,,10.860500000000004,7.263749999999996,7.577450000000002,25.79001993153271,31.078273598437324,,,,,0.04745906595590488,-0.7407292006300095,-0.7881882665859143,-16.81957186544342,-26.124644441149,36.7336498419,,
2010-04-26,5.61,,10.851300000000004,7.1589999999999945,7.588750000000001,29.97032914765893,31.322600834986833,,,,,0.05583017338499319,-0.7184005498546728,-0.774230723239666,-17.62114537444933,-26.901667261235566,36.6813083629,,
2010-05-03,6.47,,10.849200000000003,7.090249999999995,7.604450000000002,46.41495235662887,32.4922897792787,,,,,0.12009201600175201,-0.624115703237476,-0.744207719239228,-7.965860597439551,-26.140984025215452,36.96536236041,,
2010-05-10,6.33,,10.848600000000003,7.034249999999993,7.618900000000002,44.579710305518795,33.1747127258882,,,,,0.15192499885878985,-0.5543014706657408,-0.7062264695245306,-3.506097560975603,-21.452096511292407,36.88172132379,,
2010-05-17,7.02,,10.851800000000003,6.986249999999994,7.6369500000000015,54.19301831544309,34.2706198930116,,,,,0.2143858562719666,-0.43824414918457233,-0.6526300054565389,4.61997019374068,-16.320792609452287,36.64836439035,,
2010-05-24,6.9,,10.846700000000004,6.930499999999993,7.6544500000000015,52.48780271670151,35.57570852058933,,,,,0.240588434314576,-0.3518944625633189,-0.5924828968778949,8.32025117739404,-11.57534795501282,36.40923816922,,
2010-05-31,7.14,,10.841800000000003,6.882999999999994,7.672950000000002,55.503426792808696,36.911162489112904,,,,,0.2651174521151318,-0.2610860817339802,-0.526203533849112,16.85761047463174,-7.984248715710509,36.78680572302,,
2010-06-07,7.27,,10.835700000000001,6.837499999999996,7.692350000000001,57.092070259910074,38.590650836069024,,,,,0.2796874638117727,-0.1765942040843962,-0.45628166789616886,21.571906354515033,-6.2221690526510205,36.77145739502,,
2010-06-14,6.82,,10.827200000000003,6.788499999999997,7.709400000000001,50.38606128376963,39.95269274363856,,,,,0.24959987001232065,-0.14428183038076803,-0.3938817003930887,17.586206896551733,-7.166728555514154,36.63907113642,,
2010-06-21,6.9,,10.820200000000002,6.761499999999995,7.726700000000002,51.477240257661045,41.47096786158842,,,,,0.2263534688646039,-0.11093986431233382,-0.3372933331769377,18.556701030927833,-10.674703737767253,36.49737039888,,
2010-06-28,7.13,,10.810200000000002,6.742499999999995,7.744900000000001,54.57074262668985,43.31727667057765,,,,,0.21767035372659743,-0.06520539101869094,-0.28287574474528837,25.528169014084515,-10.15612106809242,36.17500675905,,
2010-07-05,6.88,,10.797600000000003,6.709499999999996,7.762200000000002,50.78105401737149,44.86285512600405,,,,,0.18744181396663753,-0.04857347728699146,-0.236015291253629,23.518850987432668,-9.044805806379243,36.0471109859,,
2010-07-12,6.77,,10.784100000000002,6.681999999999995,7.779400000000001,49.16326551656904,46.38151936797717,,,,,0.153800904587249,-0.043764160519567774,-0.19756506510681676,24.44852941176469,-10.887965932390383,36.28328699005,,
2010-07-19,6.59,,10.767500000000002,6.654499999999996,7.7947000000000015,46.54988215135979,47.78282683425885,,,,,0.11496692025810584,-0.05385641478418446,-0.1688233350422903,17.468805704099815,-12.980182826865178,37.0714967711,,
2010-07-26,6.59,,10.749800000000002,6.632999999999996,7.81045,46.54988215135979,49.26567413567506,,,,,0.08613890540618224,-0.061149703284562484,-0.14728860869074473,1.854714064914994,-14.787787558493273,36.67256008665,,
2010-08-02,6.57,,10.730000000000002,6.607249999999996,7.8267500000000005,46.233185786648185,50.42730675274573,,,,,0.06362096928342864,-0.06776239708645893,-0.13138336636988757,3.7914691943127994,-15.617876992809101,37.17809719387,,
2010-08-09,6.87,,10.713300000000004,6.588999999999996,7.845150000000001,51.55709469768818,50.79460263424996,,,,,0.06651514304571489,-0.04823943756274396,-0.11475458060845885,-2.136752136752129,-15.085240602679587,36.89453182468,,
2010-08-16,6.8,,10.689200000000003,6.570999999999996,7.8633000000000015,50.30541694416513,51.20358167986756,,,,,0.06142128052038501,-0.03797797995797758,-0.09939926047836259,-1.4492753623188481,-13.399085879239697,36.87135440619,,
2010-08-23,6.81,,10.654800000000002,6.552749999999998,7.8812000000000015,50.490335597881106,50.93910434289885,,,,,0.05655312187760171,-0.028707858131360453,-0.08526098000896216,-4.6218487394958,-11.85398505603972,37.19896038307,,
2010-08-30,6.62,,10.598600000000003,6.527249999999998,7.898700000000002,46.918021434798554,50.541262822762924,,,,,0.03918919820828061,-0.036274482248611406,-0.07546368045689202,-8.94085281980742,-13.089059446306644,37.37276328036,,
2010-09-06,6.37,,10.508700000000003,6.505499999999998,7.914800000000001,42.64280376905809,49.62264689249503,,,,,0.010985036735856296,-0.06173238453707164,-0.07271742127292793,-6.598240469208213,-16.11236680658688,37.77523273358,,
2010-09-13,6.24,,10.411600000000004,6.484249999999998,7.930700000000002,40.57248065622488,48.44267620651751,,,,,-0.014901984494342171,-0.09134490189085565,-0.07644291739651347,-9.56521739130435,-18.736909940389758,37.91441270316,,
2010-09-20,6.32,,10.307900000000002,6.471249999999996,7.946550000000002,42.42497889016772,47.874027464117376,,,,,-0.02454395264328474,-0.1071228582006194,-0.08257890555733466,-11.360448807854132,-19.674840668068533,38.49730198208,,
2010-09-27,6.22,,10.208400000000003,6.463249999999998,7.961600000000002,40.71640289632885,47.10539622402222,,,,,-0.03492962719128348,-0.126240939546439,-0.09131131235515552,-9.593023255813955,-19.961489088574975,38.75408535619,,
2010-10-04,6.12,,10.106500000000002,6.456499999999997,7.977200000000002,39.0239052364091,45.99490783900217,,,,,-0.04515739659499733,-0.1477580580989022,-0.10260066150390486,-9.601181683899549,-20.954186737726634,38.29445692332,,
2010-10-11,5.95,,9.994400000000002,6.454749999999997,7.992050000000002,36.26415463624207,44.95798645463578,,,,,-0.059114351166668605,-0.1764936004622406,-0.117379249295572,-9.711684370257963,-22.8305276550581,38.43516773748,,
2010-10-18,5.96,,9.854800000000003,6.451249999999996,8.007200000000001,36.54841567621427,44.05692575175329,,,,,-0.06305512708277969,-0.19619815814904662,-0.13314303106626693,-9.559939301972683,-24.00071468681391,38.56958966842,,
2010-10-25,5.93,,9.715300000000003,6.440499999999996,8.022400000000001,36.029263224455235,43.3054529712601,,,,,-0.06292036544121052,-0.21179348786778007,-0.14887312242656955,-9.74124809741249,-25.542824022470782,38.76562441512,,
2010-11-01,5.79,,9.565800000000003,6.421749999999996,8.036700000000002,33.62862390892499,42.38250595394334,,,,,-0.06711473502232634,-0.23276654120447748,-0.16565180618215114,-15.720524017467248,-26.759954479277155,38.92195389012,,
2010-11-08,5.75,,9.410300000000001,6.395249999999995,8.05145,32.95303335278062,41.43392363723852,,,,,-0.06726790996150572,-0.24973669363403328,-0.18246878367252756,-15.441176470588234,-27.46311280342684,39.2090142852,,
2010-11-15,5.81,,9.264100000000003,6.364749999999996,8.067000000000002,35.06049363854373,40.25559499015677,,,,,-0.05834502915117973,-0.25540007011150223,-0.1970550409603225,-14.684287812041116,-28.359683794466306,39.21360836948,,
2010-11-22,5.94,,9.128000000000002,6.349249999999996,8.083750000000002,39.49788379631909,39.483628336739194,,,,,-0.03960098799526396,-0.24655627595440244,-0.20695528795913848,-10.271903323262835,-26.8670396005182,39.26953005748,,
2010-11-29,5.92,,9.008800000000003,6.329499999999998,8.100000000000001,39.05572862988303,38.666870696167905,,,,,-0.025166218323230932,-0.23841306086317715,-0.21324684253994622,-7.064364207221352,-25.444212465071576,39.51196202778,,
2010-12-06,5.54,,8.897700000000002,6.308749999999998,8.11475,31.777047366563366,37.58537254843683,,,,,-0.037106111083565346,-0.2596294813944029,-0.22252337031083755,-11.21794871794872,-27.84920105267123,39.21439488452,,
2010-12-13,5.54,,8.785200000000003,6.2944999999999975,8.129600000000002,31.777047366563366,36.80924709111577,,,,,-0.04061593780248621,-0.2732932925639453,-0.2326773547614591,-12.341772151898738,-31.245561442209073,39.40591327325,,
2010-12-20,5.37,,8.671600000000003,6.279249999999997,8.143700000000003,28.975290484175858,35.98087636454084,,,,,-0.04941440243884049,-0.2944453578100097,-0.2450309553711692,-13.665594855305462,-32.436247294626796,39.55631148571,,
2010-12-27,5.41,,8.563100000000002,6.269499999999997,8.156200000000002,30.527413460360634,35.13105026241176,,,,,-0.0475521179885145,-0.30447110285681234,-0.25691898486829784,-11.601307189542483,-33.30201972757153,39.56349895676,,
2011-01-03,5.23,,8.454900000000002,6.254749999999998,8.168600000000003,27.604026566943276,34.19445195316994,,,,,-0.053037011716038696,-0.32321524951334624,-0.27017823779730754,-12.100840336134448,-35.0263584118665,39.70755886176,,
2011-01-10,5.12,,8.344000000000003,6.240749999999998,8.179800000000002,25.967470823753345,33.2618494951231,,,,,-0.05825132864916904,-0.34299239860876884,-0.2847410699595998,-14.093959731543622,-36.11959311365458,40.19083967519,,
2011-01-17,5.05,,8.226900000000004,6.227749999999998,8.191100000000002,24.953602270954008,32.45395289760253,,,,,-0.060337237065901994,-0.3601626162919773,-0.29982537922607533,-14.839797639123102,-36.70767676641693,40.16231697549,,
2011-01-24,5.03,,8.103400000000004,6.217499999999998,8.202000000000004,24.657381441937318,31.604593309439885,,,,,-0.05702456890677138,-0.37110609035953956,-0.3140815214527682,-13.126079447322965,-37.66541084161027,40.22459843301,,
2011-01-31,4.68,,7.963600000000003,6.194249999999997,8.211200000000002,20.14952659396394,30.470326407261933,,,,,-0.0714316916089307,-0.4033711359639316,-0.3319394443550009,-18.608695652173918,-39.91416309012867,40.30723214534,,
2011-02-07,4.59,,7.829100000000003,6.147249999999997,8.220600000000001,19.178573139212887,29.438179923711065,,,,,-0.07943459088794647,-0.431232682964934,-0.35179809207698753,-20.99827882960413,-42.7779710721208,40.41362829077,,
2011-02-14,4.53,,7.697000000000003,6.102249999999996,8.229850000000003,18.537256585697975,28.408481583205166,,,,,-0.08090834437626304,-0.45293352254731634,-0.3720251781710533,-23.737373737373737,-43.77455208921592,40.55298224248,,
2011-02-21,4.72,,7.576700000000003,6.044749999999998,8.240300000000001,26.87604343511994,27.82387799724632,,,,,-0.06207367674309727,-0.4496172740999249,-0.38754359735682764,-20.270270270270274,-43.902408787176185,40.5082229035,,
2011-02-28,4.69,,7.458300000000003,5.989499999999998,8.250250000000001,26.41624523595077,26.8894752429343,,,,,-0.045395836165002645,-0.44428839256308095,-0.3988925563980783,-15.342960288808658,-43.53605458181383,40.59373142186,,
2011-03-07,4.88,,7.345200000000003,5.932999999999998,8.261500000000002,34.105244386781834,26.53586922556993,,,,,-0.016800780629131762,-0.419893532184493,-0.40309275155536123,-11.913357400722024,-42.86420974523862,40.76285998925,,
2011-03-14,5.02,,7.244900000000002,5.876749999999999,8.274050000000003,39.1507234179842,27.062560372099988,,,,,0.014612163491793395,-0.3848275471906195,-0.3994397106824129,-6.517690875232785,-40.912065793210665,40.87112500962,,
2011-03-21,4.79,,7.1441000000000034,5.825999999999999,8.285750000000002,34.479818670938826,27.255615465269663,,,,,0.02249874745913899,-0.3713162763584892,-0.3938150238176282,-11.460258780036972,-40.072874344161654,40.85607036878,,
2011-03-28,4.72,,7.057900000000003,5.771499999999999,8.297300000000002,33.182274190371174,27.556114301426472,,,,,0.025385583914364906,-0.36208304392467205,-0.38746862783903696,-9.751434034416839,-41.45098135789388,41.17734927268,,
2011-04-04,4.53,,6.979100000000003,5.706499999999998,8.307400000000003,29.893907692721854,27.51086388945227,,,,,0.017271364214109797,-0.3658794225713997,-0.3831507867855095,-11.523437499999996,-43.12592228234128,40.82719475704,,
2011-04-11,4.68,,6.896800000000004,5.651499999999999,8.31825,35.34170171880365,28.063554971728013,,,,,0.024345897211596135,-0.35271841527101433,-0.37706431248261046,-7.32673267326733,-44.36393112426609,40.73139924191,,
2011-04-18,4.65,,6.822000000000004,5.598499999999999,8.328050000000001,34.759922245538505,28.69158721614124,,,,,0.029026918723556727,-0.34078066407816454,-0.36980758280172127,-7.554671968190852,-43.70066909117662,40.35749331412,,
2011-04-25,4.76,,6.752600000000004,5.552749999999999,8.336950000000002,38.741828920787746,29.67646054827222,,,,,0.04083066143889408,-0.3187692560031037,-0.35959991744199776,1.709401709401711,-42.90789916995917,40.24504784566,,
2011-05-02,4.81,,6.693700000000003,5.508249999999999,8.346500000000002,40.51895086561468,30.809429792820602,,,,,0.052557894950895856,-0.29390254875337796,-0.3464604437042738,4.793028322440082,-42.42147966395184,40.44531687024,,
2011-05-09,4.8,,6.6376000000000035,5.464,8.355200000000002,40.26734493285966,32.246416817027445,,,,,0.05967356311442279,-0.27186848981124534,-0.33154205292566813,5.960264900662242,-41.9357993301224,40.51754968376,,
2011-05-16,4.82,,6.578300000000002,5.41275,8.362450000000003,41.05569519157992,33.809068392196515,,,,,0.06530429816864614,-0.24991168021486043,-0.31521597838350657,2.1186440677966214,-41.692208125236505,40.70084100648,,
2011-05-23,5.01,,6.517500000000004,5.367999999999999,8.366100000000003,48.06785698831098,35.91839699238316,,,,,0.08040929462577795,-0.21470436010128413,-0.2951136547270621,6.823027718550093,-41.07204948483786,40.57752640878,,
2011-05-30,5.24,,6.464700000000004,5.328749999999999,8.371100000000002,55.04040324568847,37.93013697885233,,,,,0.10303018321432839,-0.1663259257091516,-0.26935610892348,7.377049180327875,-39.76050532887829,40.81734686834,,
2011-06-06,5.43,,6.4101000000000035,5.2989999999999995,8.377650000000003,59.837577641682756,40.317375007833185,,,,,0.1263885298436526,-0.11137044661891427,-0.23775897646256686,8.16733067729084,-37.493907788283366,40.67768919984,,
2011-06-13,5.64,,6.362400000000004,5.280749999999999,8.383450000000003,64.36351314113102,42.478679918858134,,,,,0.1499729060089185,-0.05029284395141875,-0.20026574996033725,17.745302713987467,-35.351518508823624,40.56582570219,,
2011-06-20,5.8,,6.3224000000000045,5.269749999999999,8.391000000000002,67.37972250500427,44.49503699650243,,,,,0.1689299193583984,0.01089664923766076,-0.15803327012073765,22.88135593220339,-33.153291242411974,40.36237197594,,
2011-06-27,5.34,,6.283600000000006,5.2452499999999995,8.394950000000001,53.388980183064746,45.8456913902257,,,,,0.14404085635292088,0.02201780032041345,-0.12202305603250743,17.880794701986744,-33.377910157437135,40.80126799352,,
2011-07-04,5.39,,6.251800000000004,5.224499999999999,8.39825,54.49501145224199,47.36802976607362,,,,,0.12519335823669622,0.03446864176336284,-0.09072471647333338,15.170940170940172,-35.53443834151549,40.6547803039,,
2011-07-11,5.51,,6.217500000000004,5.209249999999999,8.402900000000002,57.12457210507334,49.31307722409873,,,,,0.11530250842356263,0.053403419056119894,-0.061899089367442726,18.494623655913966,-34.65957395127393,40.75525219656,,
2011-07-18,5.35,,6.179700000000005,5.1942499999999985,8.408850000000003,52.74781842378439,50.55637127445449,,,,,0.09341226332981024,0.05486623979482008,-0.03854602353499016,12.394957983193274,-34.221305258047785,40.53391266144,,
2011-07-25,5.58,,6.145100000000003,5.184749999999999,8.415750000000001,57.75813086587844,52.19910046162163,,,,,0.08982453600621484,0.07373464647277839,-0.01608988953343645,16.00831600831602,-35.30078766894853,40.24022512394,,
2011-08-01,6.24,,6.116600000000003,5.192499999999999,8.426850000000002,68.18358479666439,54.30208302418425,,,,,0.12513341399140443,0.1403268779558191,0.015193463964414664,30.000000000000007,-33.66772071384428,40.38215790085,,
2011-08-08,7.3,,6.101800000000002,5.23025,8.444200000000002,77.7019957865902,56.95801480425393,,,,,0.2082128420672268,0.27545951654844814,0.06724667448122136,51.452282157676336,-24.597439820049598,40.55296538427,,
2011-08-15,7.3,,6.0950000000000015,5.268999999999999,8.458900000000002,77.7019957865902,59.63191843666325,,,,,0.24875748173760898,0.3781935266532326,0.1294360449156236,45.70858283433134,-15.995799789989388,40.56669593689,,
2011-08-22,7.5,,6.091100000000003,5.311249999999999,8.474450000000001,79.07203709383438,62.34737142968142,,,,,0.2727132872070738,0.47032765392446585,0.19761436671739208,43.1297709923664,-13.25510228669176,40.36976708271,,
2011-08-29,7.33,,6.082400000000003,5.345999999999999,8.487850000000002,74.86157063559315,64.261208118773,,,,,0.26078162551241924,0.5235913986079161,0.2628097730954969,34.990791896869254,-12.323956366435219,40.55365668276,,
2011-09-05,7.51,,6.078800000000002,5.385749999999999,8.500300000000003,76.30054766644636,65.77978986311285,,,,,0.24872368033818038,0.5737143735182224,0.32499069318004203,33.15602836879433,-12.34495263025168,40.17900095723,,
2011-09-12,7.46,,6.076500000000001,5.433749999999998,8.510750000000002,75.0159953963556,66.8639625598752,,,,,0.22197372627911627,0.6024578510289373,0.3804841247498211,28.620689655172416,-11.274174789875538,39.74694342817,,
2011-09-19,8.01,,6.082100000000001,5.495499999999998,8.521800000000002,79.17018972533161,67.92158231588952,,,,,0.22520205774427504,0.6619866969301649,0.43678463918588983,50,-9.88239802639445,40.1164335049,,
2011-09-26,8.41,,6.090200000000002,5.571499999999999,8.535100000000002,81.57026974367594,68.9351928329375,,,,,0.23696503271420577,0.732990930078647,0.49602589736444125,56.02968460111319,-7.249600832421244,39.76078403629,,
2011-10-03,8.55,,6.099700000000002,5.649999999999999,8.549700000000001,82.33736386910088,71.00293452479723,,,,,0.23632803846884132,0.7914359454504929,0.5551079069816516,55.17241379310347,-1.6804465271765319,39.64412229134,,
2011-10-10,7.89,,6.103400000000004,5.716499999999999,8.561450000000002,67.97353786099465,71.9656864111367,,,,,0.17635960557953,0.7755574139560641,0.5991978083765341,47.476635514018696,-1.9970193740683932,39.79680199514,,
2011-10-17,7.46,,6.1026000000000025,5.7749999999999995,8.570350000000001,60.56087083457081,72.21113632038653,,,,,0.09662312419743113,0.719976713623323,0.6233535894258919,33.691756272401435,-8.59722040276755,40.18116381828,,
2011-10-24,6.85,,6.094700000000004,5.8199999999999985,8.57595,51.91218725581944,72.1514483798176,,,,,-0.003031072028942816,0.6195647493897134,0.6225958214186562,9.775641025641017,-14.971855624709798,40.44687780204,,
2011-10-31,7.26,,6.094900000000004,5.875749999999998,8.580450000000003,56.41734766296177,72.05567815103782,,,,,-0.044844342892217504,0.5665403928033843,0.6113847356956018,-0.5479452054794526,-17.34898351141939,41.0045658825,,
2011-11-07,7.46,,6.098600000000005,5.94525,8.584350000000002,58.46169564260284,71.36125749717628,,,,,-0.06151162162421098,0.5344952086653381,0.596006830289549,2.1917808219178103,-15.009955127633528,40.96042640436,,
2011-11-14,7.61,,6.106300000000004,6.02075,8.587200000000001,59.977998371607846,70.09525768182041,,,,,-0.06459483911731556,0.5152632813929046,0.5798581205102201,1.466666666666671,-12.851312576856454,41.44402334328,,
2011-11-21,8,,6.120900000000005,6.1075,8.592250000000002,63.689327546848126,69.09435280755312,,,,,-0.04353873881633841,0.5254346969897972,0.5689734358061356,9.140518417462483,-9.567551198541546,41.3727590386,,
2011-11-28,7.65,,6.133500000000005,6.18075,8.5957,58.45079979315569,67.62140728607606,,,,,-0.055582214981990896,0.499495667078647,0.5550778820606379,1.8641810918775044,-8.367952522255058,41.67112773435,,
2011-12-05,7.53,,6.1486000000000045,6.2517499999999995,8.597100000000001,56.72798794128563,66.3261513793398,,,,,-0.07293577972093401,0.46390815740947033,0.5368439371304043,0.9383378016085829,-10.119958708574956,42.0485816306,,
2011-12-12,7.65,,6.164100000000004,6.321,8.59885,58.05926400496439,65.02320254637682,,,,,-0.07722542785346798,0.44031215231356935,0.5175375801670373,-4.494382022471903,-10.435190073134574,41.46308726145,,
2011-12-19,7.37,,6.174200000000003,6.37975,8.59895,53.89292808654828,63.514412024247726,,,,,-0.09845304885970191,0.3944712690924099,0.49292431795211183,-12.366230677764566,-11.21259749117748,41.4301221812,,
2011-12-26,7.23,,6.181100000000003,6.4407499999999995,8.59675,51.887975216304405,61.56568241646006,,,,,-0.1200254088021514,0.34289255694942256,0.46291796575157396,-15.438596491228072,-13.410157107187414,41.4809349576,,
2012-01-02,7,,6.183000000000004,6.497749999999999,8.592150000000002,48.68362635317147,59.216636459995456,,,,,-0.14615301323458574,0.28022669920834176,0.4263797124429275,-11.280101394169833,-15.570507229608943,41.98427591271,,
2012-01-09,7.02,,6.1829000000000045,6.56,8.58535,48.97868717028368,56.83387383865137,,,,,-0.15747857623013095,0.2295314921552638,0.38701006838539476,-5.8981233243967885,-17.359297079078477,41.8685034155,,
2012-01-16,6.69,,6.184200000000004,6.610249999999999,8.5768,44.43840663091099,55.15279303650253,,,,,-0.18091005849571185,0.16087249526575498,0.3417825537614668,-2.3357664233576534,-19.11904535513918,42.08909048001,,
2012-01-23,6.57,,6.182800000000003,6.65825,8.569700000000001,42.88172505380992,53.88999690930532,,,,,-0.19688693939070745,0.09567387952308248,0.29256081891378993,-9.50413223140495,-21.134802390935732,42.7106862138,,
2012-01-30,6.42,,6.183300000000004,6.699749999999999,8.563000000000002,40.95065998071391,53.10703067536922,,,,,-0.20881967082271363,0.03153623038539788,0.2403559012081115,-13.941018766756033,-22.679031672430398,43.2381511547,,
2012-02-06,6.35,,6.185700000000002,6.738249999999999,8.555950000000001,40.044389565249865,51.9375336683898,,,,,-0.2120107188448484,-0.024657497347948976,0.18735322149689942,-16.55716162943496,-24.46670995335748,43.5712266347,,
2012-02-13,6.2,,6.187900000000002,6.773249999999999,8.551200000000001,38.09865137717698,50.48303050657366,,,,,-0.21417756684175626,-0.0803687370552959,0.13380882978646036,-22.499999999999996,-25.735197701724793,43.7269952585,,
2012-02-20,6.01,,6.190000000000002,6.803,8.547050000000002,35.730400870104134,48.751059256466256,,,,,-0.21765342890656586,-0.13825795634674698,0.07939547255981888,-21.43790849673203,-27.189242374548922,43.6068817508,,
2012-02-27,5.97,,6.191500000000003,6.827,8.543700000000001,35.23384383967705,46.71852470595404,,,,,-0.2116988194324024,-0.18522805173068413,0.026470767701718273,-20.717131474103592,-28.70991797166284,43.9029813947,,
2012-03-05,6.09,,6.195600000000002,6.84825,8.539650000000002,38.016829518520936,45.25895540062298,,,,,-0.18945219292178475,-0.21034447345051266,-0.020892280528727915,-20.392156862745104,-28.68268869247606,43.954070347,,
2012-03-12,5.86,,6.198500000000001,6.859,8.535800000000002,34.91966555324137,43.70121808719124,,,,,-0.1800646331503069,-0.24597307196661156,-0.06590843881630465,-20.48846675712347,-29.305413748425096,43.53032706182,,
2012-03-19,5.93,,6.203400000000003,6.866249999999999,8.53195,36.612243092929134,42.16928802204586,,,,,-0.15967329581725012,-0.2655000585878673,-0.10582676277061717,-17.980636237897656,-30.585838794272334,43.38444059696,,
2012-03-26,5.99,,6.207200000000001,6.8709999999999996,8.529250000000001,38.09831278726412,41.04110121495414,,,,,-0.13372820038370084,-0.2729870132502432,-0.13925881286654238,-14.428571428571425,-30.082049014276308,42.82323545544,,
2012-04-02,6.05,,6.203,6.88875,8.526100000000001,39.62268927807892,40.16500936222375,,,,,-0.10535740812269306,-0.2709555730199087,-0.16559816489721563,-13.817663817663814,-29.334536997734055,43.37656843118,,
2012-04-09,6.26,,6.2023,6.910499999999999,8.525450000000001,44.7509197640775,39.884101748717036,,,,,-0.06714069947724996,-0.24952403924377808,-0.18238333976652812,-6.4275037369207855,-27.355128787697492,43.08880301312,,
2012-04-16,6.14,,6.1935,6.926249999999999,8.52265,42.5280409672349,39.42334130564212,,,,,-0.04566294603100568,-0.23946202230528524,-0.19379907627427956,-6.544901065449019,-25.969777969132046,42.98454908048,,
2012-04-23,6.02,,6.184699999999999,6.943,8.515700000000002,40.36859597476488,39.13264054448883,,,,,-0.03569866965145613,-0.2384224133385997,-0.20272374368714358,-6.230529595015582,-27.25314827555253,43.07698772214,,
2012-04-30,5.94,,6.172699999999997,6.952,8.50725,38.94871062685833,38.85171094256372,,,,,-0.030839090435254984,-0.2412726067312123,-0.21043351629595733,-6.456692913385816,-28.50813115225242,43.9429761811,,
2012-05-07,6.02,,6.160199999999998,6.946499999999999,8.497950000000001,41.176851188885145,38.867867457433086,,,,,-0.0191526689431753,-0.23437435247492644,-0.21522168353175114,-2.9032258064516228,-28.850153748403972,43.2286311892,,
2012-05-14,6.52,,6.157199999999998,6.926999999999998,8.492200000000002,52.777052709503025,39.77734339630832,,,,,0.023047135114127787,-0.1864127646390914,-0.2094598997532192,8.485856905158066,-27.643617819108922,43.78234247812,,
2012-05-21,6.63,,6.154499999999998,6.91025,8.487350000000001,54.884934359148815,40.976363609306304,,,,,0.05721853478853578,-0.13793673126754946,-0.19515526605608524,11.05527638190955,-24.002305143350988,44.05120437844,,
2012-05-28,7.16,,6.154799999999999,6.901749999999998,8.482500000000002,63.369091312108225,42.95055578373517,,,,,0.11123957108380714,-0.05610580220132633,-0.16734537328513346,17.56978653530378,-21.064013840830345,44.07120845488,,
2012-06-04,6.95,,6.1555,6.892249999999999,8.476550000000001,58.6618048322615,44.623981568919774,,,,,0.12739149436451946,-0.008106005329484134,-0.1354974996940036,18.600682593856654,-18.60730730851064,44.29768060677,,
2012-06-11,6.84,,6.1562,6.875499999999998,8.47015,56.30252687266671,45.930102808501616,,,,,0.125052496143637,0.020818120485542657,-0.10423437565809435,15.34569983136594,-17.04315079618109,44.04939844056,,
2012-06-18,6.52,,6.1555,6.8519999999999985,8.461500000000001,50.00230696950781,47.00743433823494,,,,,0.09755963137004464,0.017715163554461455,-0.07984446781558319,8.848080133555916,-19.550058410511383,44.27427311707,,
2012-06-25,6.44,,6.154,6.8127499999999985,8.4519,48.539955101757684,47.859413767436976,,,,,0.07083591293588683,0.008700423354275344,-0.06213548958161148,6.446280991735547,-22.350699928861555,44.4698377266,,
2012-07-02,6.44,,6.1526999999999985,6.763499999999999,8.441350000000002,48.53995510175768,48.605245361329374,,,,,0.05093914573681616,0.0015384425894087173,-0.049400703147407445,2.875399361022374,-23.102923778941914,44.71394518618,,
2012-07-09,6.41,,6.148099999999999,6.709999999999999,8.4307,47.93031606321491,49.19864727455337,,,,,0.03433377019470439,-0.006483490404026959,-0.04081726059873135,4.397394136807826,-22.9453607063643,44.64744578904,,
2012-07-16,6.28,,6.1429,6.669749999999999,8.41605,45.27660269332499,49.23619605521391,,,,,0.014201836414273382,-0.02306496508088962,-0.037266801495163,4.318936877076424,-23.601736214108747,45.066687932,,
2012-07-23,6.22,,6.137,6.638749999999999,8.395900000000001,44.06399540449492,49.345907086446765,,,,,-0.0026502589046241212,-0.04057962512594315,-0.03792936622131903,4.713804713804703,-24.372907670661185,44.86218161148,,
2012-07-30,6.01,,6.130899999999998,6.617749999999999,8.36475,40.02367308753575,49.321269737358975,,,,,-0.026129809429991817,-0.0705916280088088,-0.04446181857881699,-0.1661129568106277,-25.614607028598428,45.22693340887,,
2012-08-06,5.98,,6.126999999999998,6.585749999999999,8.31785,39.4669334203715,49.35828565118134,,,,,-0.040985749038586976,-0.09569400487705071,-0.05470825583846373,-8.282208588957042,-27.304271332225483,45.4352751699,,
2012-08-13,5.89,,6.123499999999998,6.546499999999999,8.267550000000002,37.76953872032691,49.11490618914147,,,,,-0.05339344850553278,-0.1214500664703797,-0.06805661796484692,-11.161387631975872,-27.717798494171873,45.55394924587,,
2012-08-20,5.87,,6.118999999999999,6.502999999999998,8.213450000000002,37.384755457898095,48.01545638545541,,,,,-0.05902727543641205,-0.141840712260362,-0.08281343682394994,-18.01675977653631,-27.645034323811547,45.89861743172,,
2012-08-27,5.98,,6.116599999999998,6.452499999999999,8.162500000000001,40.948083933051905,47.01996706930562,,,,,-0.051689204379223405,-0.1474249422979792,-0.0957357379187558,-13.956834532374096,-27.440715271646425,46.448885316,,
2012-09-03,5.74,,6.1128,6.404749999999998,8.109650000000002,36.11850975993662,45.07349695843622,,,,,-0.05882364496469562,-0.16926529412462532,-0.1104416491599297,-16.081871345029235,-27.534418022528044,46.05774137429,,
2012-09-10,5.3,,6.106299999999999,6.348999999999998,8.050350000000002,29.296439142069147,42.975970837708196,,,,,-0.08728463808190867,-0.21954744676231552,-0.13226280868040685,-18.71165644171779,-30.432590818866274,45.78579146598,,
2012-09-17,5.42,,6.100899999999999,6.293249999999999,7.977850000000001,33.01258587389802,41.312403623510434,,,,,-0.0916838977893229,-0.24686768091706046,-0.15518378312773756,-15.838509316770192,-32.564577988874966,45.73153944795,,
2012-09-24,5.74,,6.098999999999998,6.2524999999999995,7.9071500000000015,41.7976599631193,40.72635740876841,,,,,-0.06779861377308002,-0.2399320503440876,-0.17213343657100758,-10.869565217391306,-30.666803367978478,46.00064673442,,
2012-10-01,5.55,,6.0966,6.210499999999999,7.831200000000001,38.56380595333964,40.013775326738546,,,,,-0.05982971356218261,-0.24692057852373583,-0.18709086496155322,-13.416536661466463,-28.52245235908239,46.60028064102,,
2012-10-08,5.56,,6.0947,6.174499999999998,7.752500000000001,38.83204591517814,39.32035324198286,,,,,-0.0493547405028702,-0.24878429059014096,-0.19942955008727076,-11.46496815286625,-27.558479054667444,46.28695292736,,
2012-10-15,5.31,,6.089699999999999,6.1317499999999985,7.676900000000001,34.74746929575963,38.378721330021776,,,,,-0.05433822808526076,-0.2673523351938467,-0.21301410710858595,-14.630225080385856,-28.877746255855264,46.29892538655,,
2012-10-22,5.41,,6.0844,6.0997499999999985,7.606200000000001,37.57595106343521,37.82867478502965,,,,,-0.04628950651434874,-0.27087599025152187,-0.22458648373717313,-9.983361064891842,-29.933463431528494,46.10710534996,,
2012-10-29,5.54,,6.0806,6.073999999999999,7.5447000000000015,41.147440847021514,37.620349459495834,,,,,-0.028474342943340697,-0.260179412416349,-0.2317050694730083,-7.357859531772582,-27.87347637755605,46.77980564986,,
2012-11-05,5.77,,6.0828999999999995,6.0577499999999995,7.490300000000001,46.93234949418267,38.113826345684906,,,,,0.0009750021224510796,-0.23048631681994447,-0.23146131894239555,-2.037351443123941,-25.919411143885362,46.56200735815,,
2012-11-12,5.98,,6.0873,6.0485,7.436250000000001,51.6093630959305,38.981142751081975,,,,,0.03489406792312552,-0.18784373403848864,-0.22273780196161416,1.87393526405452,-23.25622606016808,46.69551109999,,
2012-11-19,5.71,,6.090700000000001,6.03625,7.381150000000002,45.996404829866194,39.56877604462049,,,,,0.03912456533805456,-0.17383209528904597,-0.21295666062710053,-4.5150501672240875,-21.16684063066515,47.00171001876,,
2012-11-26,5.65,,6.093100000000001,6.02725,7.328100000000002,44.82959442560306,40.10055025659942,,,,,0.03783761019010809,-0.1656596478894654,-0.2034972580795735,-1.5679442508710777,-21.900940785832738,47.37259589068,,
2012-12-03,5.42,,6.095,6.0135000000000005,7.274950000000002,40.57998021812859,40.07425713410489,,,,,0.02222464456563117,-0.17571645237253453,-0.1979410969381657,2.2641509433962286,-23.34334515704148,47.04952179096,,
2012-12-10,5.28,,6.0966,5.993250000000001,7.220300000000002,38.20587620227162,40.22335473712882,,,,,0.004143805855686772,-0.19276133961855724,-0.196905145474244,-2.583025830258297,-24.94347942089211,47.33099196236,,
2012-12-17,5.26,,6.0987,5.978250000000001,7.162800000000001,37.86506546637823,40.83539947457947,,,,,-0.0068873453648687355,-0.20551432718032991,-0.19862698181546118,-8.362369337979102,-25.993533278146735,47.51898563444,,
2012-12-24,5.3,,6.1014,5.962500000000001,7.102400000000001,39.03636676187169,41.26566953800615,,,,,-0.009076860384808816,-0.2099730572964722,-0.20089619691166338,-4.504504504504505,-25.594601149966323,47.5562453354,,
2012-12-31,5.04,,6.105,5.938750000000001,7.034300000000002,34.48574785351535,40.743390101605875,,,,,-0.02473444227423638,-0.23181424975445886,-0.20707980748022248,-9.352517985611504,-25.988855131103243,47.64528473049,,
2013-01-07,4.93,,6.1084,5.910750000000001,6.968750000000001,32.746467635969324,40.32786593607943,,,,,-0.0383837268722175,-0.25505946607049435,-0.21667573919827685,-7.156308851224103,-27.536758560038237,47.007471096,,
2013-01-14,4.89,,6.111999999999999,5.876500000000001,6.904500000000001,32.1122294923977,39.847879048737965,,,,,-0.045504010837096875,-0.27355575274464794,-0.22805174190755106,-9.611829944547143,-28.035388102731,47.20549655253,,
2013-01-21,4.73,,6.112099999999999,5.8412500000000005,6.844400000000002,29.639358962058722,39.483014024902175,,,,,-0.05571319345466613,-0.29769323372588374,-0.2419800402712176,-14.620938628158838,-28.87540243496266,46.90804398306,,
2013-01-28,4.94,,6.114599999999999,5.81425,6.786450000000002,36.54610089793367,39.40945329879492,,,,,-0.043583738433102814,-0.29645971331259613,-0.2528759748794933,-14.384748700173297,-29.44285991607793,46.97213551332,,
2013-02-04,5.08,,6.1166,5.792750000000001,6.730900000000003,40.7236208547077,39.37918044220108,,,,,-0.022456604497127386,-0.2809467305009026,-0.2584901260037752,-15.05016722408027,-26.74075412600878,47.02021473557,,
2013-02-11,4.96,,6.115999999999999,5.766250000000001,6.680450000000002,38.3905777574707,38.7690538895788,,,,,-0.01333882845190315,-0.2751636615686541,-0.261824833116751,-13.134851138353765,-24.35910080648207,47.41523961903,,
2013-02-18,4.97,,6.117799999999999,5.727500000000002,6.630950000000002,38.70571504768339,37.847364743275435,,,,,-0.0038995559748716824,-0.26669927808534055,-0.26279972211046887,-12.035398230088505,-24.471761000519685,47.58222872952,,
2013-02-25,5,,6.120599999999999,5.686750000000002,6.589250000000002,39.70217589423727,37.397776962159085,,,,,0.006531643129510489,-0.2546351681985808,-0.2611668113280913,-7.749077490774907,-23.908443931525156,47.95440043613,,
2013-03-04,4.76,,6.122899999999999,5.626750000000003,6.551000000000001,34.82462928476629,36.683136594956466,,,,,-0.00020791423336408155,-0.2614267041197964,-0.2612187898864323,-9.848484848484857,-24.69623094187743,47.74631387904,,
2013-03-11,4.72,,6.123299999999998,5.571000000000003,6.5100500000000014,34.07329249750478,36.21837318634048,,,,,-0.004592463721404205,-0.26695936953818755,-0.26236690581678335,-10.26615969581749,-26.25931492022443,47.8790878464,,
2013-03-18,4.78,,6.124599999999998,5.5195000000000025,6.473300000000002,36.29357051481081,36.08177992295042,,,,,-0.0008788610327464808,-0.2634654821077165,-0.26258662107497,-9.811320754716974,-25.833685760380803,47.61600879072,,
2013-03-25,4.86,,6.125599999999999,5.478000000000003,6.439100000000001,39.23218756932519,36.179431501732346,,,,,0.008994189742031089,-0.2513438838974311,-0.2603380736394622,-3.571428571428566,-25.1128032695229,47.14678442784,,
2013-04-01,4.95,,6.126999999999998,5.440750000000002,6.410350000000002,42.44846741086156,36.42315297666019,,,,,0.022827978673210736,-0.23180310029794882,-0.25463107897115955,0.40567951318459355,-24.132747913452672,47.57778444432,,
2013-04-08,4.75,,6.126499999999998,5.398500000000002,6.382050000000003,37.676251512582525,36.65104609516499,,,,,0.019859939385404868,-0.22980615473940347,-0.24966609412480834,-2.8629856850715685,-23.949235916304307,47.6757843248,,
2013-04-15,4.78,,6.126099999999999,5.357750000000001,6.3522000000000025,38.78790957472648,37.08257766221907,,,,,0.021149227058313264,-0.22322956030191676,-0.24437878736023003,1.0570824524312858,-24.0870085811214,47.34302142568,,
2013-04-22,4.6,,6.121999999999999,5.315750000000002,6.319750000000003,34.77946000404127,37.27309412733647,,,,,0.011589425433582379,-0.22989200556825207,-0.24148143100183445,-6.882591093117423,-24.744468156800952,47.29482845344,,
2013-04-29,4.33,,6.1129,5.268500000000003,6.288800000000002,29.8040264341401,37.284856089628,,,,,-0.01003923897158221,-0.2540304797163122,-0.24399124074473,-14.763779527559056,-27.998387421890637,47.94910702264,,
2013-05-06,4.23,,6.100899999999999,5.224000000000002,6.255500000000001,28.19521751288194,36.68836441926717,,,,,-0.02722673812165599,-0.2780246633968,-0.250797925275144,-14.717741935483863,-30.62478218937153,47.66395450394,,
2013-05-13,4.37,,6.0882,5.183750000000002,6.225300000000002,33.599218685542624,36.17947855004109,,,,,-0.02535130926324386,-0.2824870618541988,-0.25713575259095495,-12.072434607645869,-30.119481027194638,47.61467266234,,
2013-05-20,4.45,,6.0747,5.147750000000001,6.198550000000003,36.53835690757459,36.0471770607628,,,,,-0.015397198586362626,-0.2763822508239082,-0.2609850522375456,-10.999999999999996,-29.476061131655467,47.82671345092,,
2013-05-27,4.62,,6.0675,5.116500000000001,6.175550000000003,42.37546667109047,36.30930217672044,,,,,0.004877345487891149,-0.25488837037768164,-0.2597657158655728,-2.941176470588229,-29.193944521566152,48.1447316029,,
2013-06-03,4.89,,6.0625,5.089250000000002,6.157150000000002,50.208676252523794,37.05976648802663,,,,,0.03692836209794448,-0.21360526324314222,-0.2505336253410867,3.601694915254236,-24.93408042188519,48.41640475135,,
2013-06-10,5.04,,6.057799999999999,5.0717500000000015,6.137650000000003,53.953577720104235,38.42611994769362,,,,,0.06693818942757684,-0.16686088855661563,-0.23379907798419247,5.43933054393305,-20.48798227923417,48.33138580872,,
2013-06-17,5.09,,6.0552,5.066500000000001,6.117450000000004,55.164108837737125,39.932606829138784,,,,,0.08756114206746637,-0.12434765039985951,-0.21190879246732588,4.732510288065834,-19.459190444591773,48.03089028536,,
2013-06-24,5.21,,6.0515,5.061250000000001,6.098300000000004,58.016780146341944,41.48426465996244,,,,,0.10548716116327708,-0.08004984101322954,-0.18553700217650662,5.252525252525248,-16.70272609260045,48.10331112485,,
2013-07-01,5.04,,6.0395,5.043750000000001,6.078050000000004,52.8834621758107,42.45935570328283,,,,,0.10203553393432865,-0.05799258475859581,-0.16002811869292446,6.105263157894737,-14.834637254001354,47.98983548427,,
2013-07-08,4.8,,6.014500000000001,5.025,6.058150000000004,46.61301208816808,42.7568231802333,,,,,0.08066595605699761,-0.059195673621677436,-0.13986162967867505,0.41841004184099523,-17.56653737570041,47.77161172629,,
2013-07-15,4.56,,5.987100000000001,5.000000000000001,6.041050000000004,41.33488058754224,43.01815382844471,,,,,0.04900212839463394,-0.07860896918538263,-0.12761109758001657,-0.8695652173913052,-21.362379964209648,47.730564125,,
2013-07-22,4.71,,5.959200000000001,4.985000000000001,6.025150000000004,45.48938141439135,43.496830388420776,,,,,0.03732313769399245,-0.08095717546252601,-0.11828031315651846,8.775981524249419,-23.666694751031958,47.98198891988,,
2013-07-29,4.74,,5.933300000000002,4.968250000000001,6.007850000000004,46.30833714131536,44.32032161251178,,,,,0.031039300982853416,-0.0794811869279517,-0.11052048791080511,12.056737588652476,-22.863756949020654,48.63475345822,,
2013-08-05,4.8,,5.906200000000001,4.949750000000001,5.992500000000003,47.99128295680583,45.61941136413076,,,,,0.03031023644376335,-0.07263269235610093,-0.10294292879986428,9.839816933638437,-20.62618065379614,48.53499580127,,
2013-08-12,4.7,,5.878600000000001,4.923000000000001,5.977550000000004,45.43512081031387,46.85083302823305,,,,,0.022821104885343196,-0.07441654769318529,-0.09723765257852848,5.617977528089887,-19.91439417744508,48.60468508621,,
2013-08-19,4.75,,5.846000000000001,4.8922500000000015,5.964050000000004,46.956416323986126,47.804918573836154,,,,,0.021008122593344794,-0.0709774993368475,-0.09198562193019229,2.8138528138528116,-19.982975101085167,48.71091636103,,
2013-08-26,4.76,,5.809500000000002,4.868500000000001,5.949850000000003,47.27304319695859,48.571681880220716,,,,,0.020247291910209478,-0.06667650704243044,-0.08692379895263992,-2.65848670756646,-19.293605767179805,48.89630768858,,
2013-09-02,4.63,,5.770300000000002,4.843000000000002,5.935000000000003,43.62718214764944,48.661090128546356,,,,,0.011205192865225838,-0.07291730787110762,-0.08412250073633346,-8.134920634920638,-20.115635610978387,48.8521472005,,
2013-09-09,4.6,,5.737400000000003,4.822500000000002,5.920400000000003,42.806715291292896,48.13237863131558,,,,,0.003802784499812195,-0.07936902011156821,-0.0831718046113804,-9.626719056974464,-21.201780033782764,48.673765168,,
2013-09-16,4.54,,5.708200000000002,4.804000000000001,5.905400000000004,41.14028978475429,47.21714377879058,,,,,-0.004107048264948704,-0.08830561494256628,-0.08419856667761758,-12.859884836852208,-21.686280915006684,48.60951487825,,
2013-09-23,4.75,,5.6872000000000025,4.791250000000001,5.890950000000004,48.671810478987716,46.75340818173705,,,,,0.005319851715666665,-0.07754875203303424,-0.0828686037487009,-5.753968253968255,-21.489205843064454,48.22152672725,,
2013-09-30,4.7,,5.661600000000002,4.776250000000001,5.878250000000004,47.125640581327545,45.97546964137888,,,,,0.008514188627812072,-0.07222586796393582,-0.08074005659174789,-2.083333333333326,-19.67593992105771,48.48442085366,,
2013-10-07,4.62,,5.633200000000003,4.7657500000000015,5.8659000000000034,44.67997378109445,45.38950618461343,,,,,0.005700687861469433,-0.0736141967649111,-0.07931488462638053,1.3157894736842215,-19.416963118762435,48.49108643415,,
2013-10-14,4.46,,5.601700000000003,4.754000000000001,5.8540000000000045,40.187870856062005,44.93056752517729,,,,,-0.005849326937511057,-0.08662654329826935,-0.0807772163607583,-5.307855626326964,-21.33359931307826,48.65348059783,,
2013-10-21,4.42,,5.565900000000003,4.74225,5.843400000000005,39.128721660768235,44.77298474469343,,,,,-0.014598297159080967,-0.0990250878096095,-0.08442679065052854,-6.751054852320681,-23.01208692856445,48.35788868356,,
2013-10-28,4.31,,5.532500000000003,4.731750000000001,5.833000000000004,36.2957919650694,44.11629978402758,,,,,-0.025566955423857396,-0.11638548493035028,-0.09081852950649288,-10.208333333333337,-24.17845484221966,49.07147691193,,
2013-11-04,4.38,,5.501000000000002,4.7177500000000006,5.824800000000003,39.30718509789248,43.61621749521165,,,,,-0.025806424210270906,-0.12307655976933152,-0.09727013555906061,-6.808510638297878,-24.677000331281572,48.70178371873,,
2013-11-11,4.38,,5.468300000000003,4.700250000000001,5.816200000000004,39.30718509789248,42.99592479100356,,,,,-0.023716909947458648,-0.12691627299338393,-0.10319936304592528,-7.789473684210529,-24.219936791744377,48.67494898306,,
2013-11-18,4.3,,5.437600000000002,4.683750000000002,5.805900000000003,36.989576931197384,42.392671656780955,,,,,-0.02532852748991174,-0.13486002240831496,-0.10953149491840322,-9.663865546218489,-24.449768714858937,48.74004137804,,
2013-11-25,4.27,,5.408000000000002,4.666250000000002,5.794550000000003,36.12928976517672,41.61930547400885,,,,,-0.025926847061953473,-0.14194005374584506,-0.11601320668389159,-7.775377969762426,-25.356789290626512,48.90708945554,,
2013-12-02,4.13,,5.3793000000000015,4.644500000000002,5.781150000000002,32.34828827143484,40.553251550757146,,,,,-0.03281953668736888,-0.1570376275431027,-0.1242180908557338,-10.21739130434782,-26.608726187340725,49.00223956376,,
2013-12-09,4.12,,5.350300000000002,4.628500000000002,5.766600000000003,32.08995922688071,39.72916419927366,,,,,-0.034924990681115764,-0.16787432920712853,-0.13294933852601276,-9.251101321585901,-27.487767960857322,48.97703149283,,
2013-12-16,4.04,,5.323800000000001,4.611500000000001,5.754000000000002,30.02425186188148,38.81613109717284,,,,,-0.03830716209652518,-0.18083329114666924,-0.14252612905014406,-14.947368421052632,-28.12036971706751,48.86081690997,,
2013-12-23,3.96,,5.297700000000001,4.591000000000002,5.740250000000002,28.07778438869235,37.88309499745414,,,,,-0.04222494647217587,-0.1953073121403639,-0.15308236566818803,-15.744680851063835,-29.284893485370674,49.16947436581,,
2013-12-30,3.98,,5.273300000000001,4.569000000000002,5.728300000000002,29.311593128198794,36.50022232954064,,,,,-0.03979506036795086,-0.2028261911281266,-0.16303113076017575,-13.852813852813856,-29.754628399326634,49.43450718828,,
2014-01-06,3.95,,5.249300000000001,4.544000000000002,5.717500000000001,28.521225915889417,35.17133556772363,,,,,-0.036614138225123216,-0.20879880354157976,-0.17218466531645654,-11.434977578475332,-30.413789430706533,49.72715536975,,
2014-01-13,3.88,,5.2261,4.522250000000001,5.707000000000001,26.71135781473174,33.88786299869772,,,,,-0.03559848596365084,-0.2166827727710201,-0.18108428680736927,-12.217194570135748,-31.172468987594886,50.08588546869,,
2014-01-20,4.08,,5.2068,4.504750000000001,5.6984,38.68351999560157,33.78040936580769,,,,,-0.018681319704280913,-0.2044359364377204,-0.1857546167334395,-5.336426914153122,-31.497697289304057,49.99050078055,,
2014-01-27,4.21,,5.1892,4.495000000000002,5.6903500000000005,44.97553545237667,34.19803892235115,,,,,0.002891123695055481,-0.18214071211462013,-0.1850318358096756,-3.8812785388127837,-29.520920688732126,50.38355636966,,
2014-02-03,4.2,,5.1703,4.4917500000000015,5.682950000000001,44.59643522776754,34.79094201254388,,,,,0.017309479098063796,-0.16339498693709587,-0.18070446603515966,-4.109589041095884,-26.035106525525787,50.34237969509,,
2014-02-10,4.03,,5.151999999999999,4.4867500000000025,5.675250000000001,38.63450777029469,34.74289363200118,,,,,0.016237678712223674,-0.16040736764488006,-0.17664504635710374,-6.279069767441851,-26.561353918814824,50.43373097818,,
2014-02-17,3.9,,5.1316999999999995,4.475000000000002,5.66755,34.80289964371603,34.42115895670286,,,,,0.008028831917786833,-0.1666090064598702,-0.17463783837765703,-8.665105386416855,-29.14725904693644,50.38587788802,,
2014-02-24,3.81,,5.109899999999999,4.459000000000002,5.65855,32.40669305263205,34.09381010823391,,,,,-0.0016886487638506642,-0.17674864933247036,-0.1750600005686197,-7.7481840193704565,-30.83899209716613,50.30186752863,,
2014-03-03,3.79,,5.087299999999999,4.438250000000002,5.64515,31.881380096889714,33.79038798907055,,,,,-0.007371220304835446,-0.18427402594966402,-0.17690280564482858,-8.009708737864079,-31.805929919137334,50.14049211504,,
2014-03-10,3.96,,5.064299999999999,4.415000000000002,5.6333,40.683063070659756,34.38572904615805,,,,,0.0019152574520186483,-0.17450873382980525,-0.1764239912818239,-1.980198019801982,-31.573450498793402,50.12821962427,,
2014-03-17,3.76,,5.0405,4.383000000000002,5.617000000000001,34.959903395869404,34.59072505822867,,,,,-0.003519668070794818,-0.18082357637031743,-0.1773039082995226,-5.050505050505055,-31.77264769055813,49.92166383775,,
2014-03-24,3.73,,5.0176,4.349000000000002,5.601150000000001,34.18310263859685,34.88778582799405,,,,,-0.007039751307142239,-0.1861035974334504,-0.17906384612630816,-6.28140703517588,-32.392683566987216,50.04797459906,,
2014-03-31,3.68,,4.995,4.310750000000002,5.58385,32.872109483742236,35.23023762049762,,,,,-0.010435428174209477,-0.19210813134407,-0.18167270316986053,-6.8354430379746836,-33.098527622955146,50.30343690206,,
2014-04-07,3.82,,4.973,4.280250000000002,5.566599999999999,39.83048942923687,35.981587356286056,,,,,-0.0014259819696681997,-0.18345518063194577,-0.18202919866227757,-1.546391752577321,-32.978800903329066,50.25887691961,,
2014-04-14,3.68,,4.944600000000001,4.252250000000002,5.5509,35.83063382940716,36.50368792153732,,,,,-0.002979230776048919,-0.1857532371323387,-0.1827740063562898,-9.80392156862745,-32.42132563788776,50.32322528466,,
2014-04-21,3.69,,4.9152000000000005,4.230500000000002,5.5348500000000005,36.32252738798881,37.190200033912824,,,,,-0.0014921084705915577,-0.18463914194452924,-0.18314703347393768,-12.351543942992874,-32.87484317621943,50.29242733988,,
2014-04-28,3.73,,4.8809000000000005,4.206000000000001,5.517850000000001,38.35799781550753,37.16694844962039,,,,,0.00374063286894169,-0.17847124238776058,-0.18221187525670227,-11.190476190476195,-32.856932912043355,50.13199529977,,
2014-05-05,3.74,,4.848800000000001,4.181000000000002,5.50215,38.88396523212042,36.73183629103066,,,,,0.00912369113313069,-0.1708072613402889,-0.1799309524734196,-7.196029776674939,-32.01665499834171,50.49783755988,,
2014-05-12,3.77,,4.8181,4.155250000000001,5.487150000000001,40.523547082691145,36.44091570923949,,,,,0.015574334863008021,-0.16046303389465955,-0.17603736875766757,-3.333333333333331,-31.460030667479383,50.68874998318,,
2014-05-19,3.78,,4.790700000000001,4.132250000000002,5.4731,41.09086177508768,36.6163695667247,,,,,0.021044116740837338,-0.1497322228316209,-0.17077633957245825,-0.7874015748031561,-30.90993285482734,50.50642742398,,
2014-05-26,3.67,,4.763000000000002,4.1052500000000025,5.4585,36.91920404375257,36.767534166727316,,,,,0.017906294950874424,-0.14839347088386523,-0.16629976583473965,-3.166226912928763,-31.011430003992462,50.5311095846,,
2014-06-02,3.53,,4.733900000000001,4.074500000000002,5.443300000000001,32.40942942013656,36.767729621549066,,,,,0.0075825417593734235,-0.15682158863552287,-0.1644041303948963,-10.858585858585862,-32.96276640317295,50.84032077195,,
2014-06-09,3.47,,4.704500000000001,4.045500000000002,5.426300000000001,30.679762798008667,36.68189981448614,,,,,-0.0016158948595408618,-0.16642399896932236,-0.1648081041097815,-7.7127659574467975,-34.73084644474517,50.60963884116,,
2014-06-16,3.36,,4.675300000000001,4.014500000000003,5.4091000000000005,27.75519666359773,35.75848078541027,,,,,-0.012814007844140135,-0.18082561391495666,-0.16801160607081653,-9.919571045576411,-36.11420756325335,50.47791345549,,
2014-06-23,3.48,,4.647900000000001,3.988000000000002,5.392450000000001,35.03111938263609,35.7635676416079,,,,,-0.00997118725397822,-0.1804755901382893,-0.17050440288431107,-5.434782608695657,-36.94023889405757,50.2477129491,,
2014-06-30,3.44,,4.622200000000001,3.955250000000002,5.376550000000001,33.808827296188326,35.73683368857871,,,,,-0.008664906728226951,-0.18133553629459476,-0.1726706295663678,-9.947643979057588,-35.99713448142581,50.26307471816,,
2014-07-07,3.61,,4.5985000000000005,3.928000000000002,5.362750000000002,42.923696428791644,36.45480418465367,,,,,0.005031281346066591,-0.16638152788378457,-0.17141280922985117,-1.9021739130434858,-34.96918598056622,50.01512070743,,
2014-07-14,3.78,,4.577400000000001,3.9070000000000022,5.350450000000002,50.29486440832765,37.20225954030302,,,,,0.025763779320746083,-0.13920808507891858,-0.16497186439966466,2.439024390243899,-33.572761989595115,50.1998112813,,
2014-07-21,3.75,,4.5562000000000005,3.8892500000000028,5.337600000000001,49.090020735240785,38.14935860500542,,,,,0.03699741459426947,-0.1187250961568278,-0.15572251075109728,0.5361930294906171,-30.753448079334145,50.22064481963,,
2014-07-28,4.25,,4.538900000000001,3.8850000000000025,5.327750000000001,64.3979266268953,40.154744264927295,,,,,0.07542749825821243,-0.06143813792833175,-0.13686563618654418,13.63636363636363,-28.97132193319858,50.83623855025,,
2014-08-04,4.2,,4.523500000000001,3.8822500000000026,5.31815,62.37802973944508,41.870460830922845,,,,,0.09361759077648384,-0.019843647715939383,-0.11346123849242322,11.405835543766582,-24.546659925786546,50.75306726992,,
2014-08-11,3.97,,4.510200000000001,3.8720000000000026,5.308250000000002,53.98911068480919,42.94939979182918,,,,,0.08646754133747624,-0.00537681182057792,-0.09184435315805416,5.026455026455037,-22.20576289004616,50.80705036826,,
2014-08-18,3.79,,4.4939,3.8572500000000027,5.297400000000001,48.492689840988966,43.518624274564736,,,,,0.06680340541985376,-0.008340096383236961,-0.07514350180309072,3.2697547683923736,-25.683311306479535,50.67560856297,,
2014-08-25,3.84,,4.4749,3.8457500000000024,5.286950000000002,50.014974615568846,44.156060906027676,,,,,0.054852313237995096,-0.006578110255596847,-0.06143042349359194,8.781869688385271,-27.462531903052913,50.86018223821,,
2014-09-01,3.93,,4.458699999999999,3.8372500000000023,5.277650000000001,52.7234801135014,45.284937768152595,,,,,0.05078979047899644,0.002056814605153612,-0.04873297587384283,13.256484149855908,-27.22763235053767,51.03298120129,,
2014-09-08,4.03,,4.4434,3.8347500000000023,5.269050000000001,55.60216278134457,46.94156157966745,,,,,0.05240705079524445,0.01677583762021273,-0.03563121317503172,19.940476190476204,-25.6627283319369,50.68208330618,,
2014-09-15,3.97,,4.430000000000001,3.831000000000003,5.259850000000001,53.4973358974552,48.57138822962792,,,,,0.04716923716875484,0.02333033328591183,-0.02383890388284301,14.080459770114949,-23.90119694061574,50.38259487666,,
2014-09-22,4.4,,4.419899999999999,3.8400000000000025,5.252150000000001,64.01179191686519,51.16114503343273,,,,,0.06907251788297813,0.06250174347087967,-0.006570774412098471,27.90697674418606,-22.79671088865916,50.65518662947,,
2014-09-29,4.29,,4.4074,3.848250000000003,5.244000000000002,60.25830587423874,52.963086925690064,,,,,0.07222013584936282,0.08370439539960506,0.011484259550242234,18.836565096952913,-19.578050904867922,50.99448233398,,
2014-10-06,4.66,,4.3963,3.8652500000000023,5.239600000000001,67.22082712156693,55.34965834178854,,,,,0.09391493876222778,0.12887793300302697,0.03496299424079918,23.28042328042329,-17.152768357202415,51.53319150187,,
2014-10-13,4.68,,4.383300000000001,3.8835000000000024,5.2353000000000005,67.5517481883258,57.10880489604097,,,,,0.10354724698454873,0.1643970529714851,0.06084980598693637,24.799999999999994,-13.505546505313824,51.99211644873,,
2014-10-20,4.38,,4.370000000000001,3.896000000000002,5.2303500000000005,58.08002191222318,57.664887574890656,,,,,0.0844564181675598,0.16642032869638612,0.08196391052882632,3.0588235294117623,-12.257713847557532,51.38408011089,,
2014-10-27,4.3,,4.3565000000000005,3.901500000000002,5.224800000000001,55.83185764990229,58.14644735450934,,,,,0.062210649085756325,0.15972722188602173,0.0975165728002654,2.3809523809523725,-15.671663541595866,51.43919207192,,
2014-11-03,4.36,,4.345900000000001,3.9052500000000023,5.2204500000000005,57.170875635425716,57.63022942654722,,,,,0.04794626682326156,0.15744940632934235,0.10950313950608079,9.823677581863983,-16.479499071454303,51.04726028732,,
2014-11-10,4.43,,4.3374000000000015,3.9110000000000023,5.217000000000001,58.74237069166521,57.37053949456295,,,,,0.03996112308048068,0.15945454335668163,0.11949342027620095,16.886543535620046,-16.21987175120908,51.45933338556,,
2014-11-17,4.54,,4.330200000000001,3.9237500000000027,5.214450000000002,61.15446487176622,57.882350507917025,,,,,0.038791905892513384,0.1679833026418427,0.1291913967493293,18.22916666666667,-14.518264662356916,51.43702361892,,
2014-11-24,4.67,,4.323900000000002,3.9430000000000023,5.212650000000001,63.84474077400103,58.97892557456074,,,,,0.043144010395724075,0.1831214097439844,0.1399773993482603,18.829516539440196,-12.338800794794917,51.80590305816,,
2014-12-01,4.77,,4.321200000000002,3.967000000000003,5.213100000000001,65.80647820052769,60.106890116343514,,,,,0.048715764018261554,0.20087210437108727,0.15215634035282571,18.362282878411893,-9.327307965756765,51.80064393274,,
2014-12-08,5.47,,4.326600000000002,4.009000000000002,5.217500000000001,75.7325313885771,61.75039377884893,,,,,0.092939454758698,0.2683306588011982,0.17539120404250022,37.783375314861445,-6.144424647798256,52.16034941888,,
2014-12-15,5.09,,4.328600000000002,4.037250000000003,5.220300000000002,64.74480294197227,62.40343950460805,,,,,0.08993624718718846,0.2878115130264858,0.19787526583929732,15.681818181818167,-3.0817285704555544,52.0932151557,,
2014-12-22,4.93,,4.330600000000001,4.066500000000003,5.221350000000002,60.74829563533889,62.921365200171174,,,,,0.07132447093458913,0.28703085450753374,0.2157063835729446,14.918414918414912,-2.536767566726389,51.99514179702,,
2014-12-29,5.08,,4.332000000000002,4.1002500000000035,5.223300000000002,63.05098084688464,62.85273583802971,,,,,0.0635261191733309,0.2951140325396082,0.23158791336627732,9.012875536480685,-3.8349344638482172,52.15656951132,,
2015-01-05,5.2,,4.3332000000000015,4.138250000000003,5.224900000000002,64.82860645923004,63.179185879814796,,,,,0.060854896087751825,0.3076565334759671,0.24680163738821528,11.111111111111121,-1.5520374743676477,52.04707561248,,
2015-01-12,5.42,,4.337800000000001,4.178250000000004,5.226900000000001,67.87962027275935,63.22624253347139,,,,,0.06778035361913576,0.331527079412135,0.26374672579299924,23.744292237442924,1.4271696573432036,52.20531275472,,
2015-01-19,5.3,,4.341100000000001,4.218750000000003,5.229450000000002,64.58843300211831,63.014577163028,,,,,0.05850528988060266,0.33687833814375256,0.2783730482631499,23.255813953488374,2.350964759805298,52.43144753072,,
2015-01-26,5.26,,4.343700000000001,4.258000000000003,5.2321500000000025,63.48349615816602,63.40053960916678,,,,,0.04453433514919941,0.33404096719964915,0.28950663205044974,20.64220183486237,2.200265934215156,52.5579319237,,
2015-02-02,4.78,,4.343900000000001,4.284250000000003,5.233400000000001,51.98964674061482,63.126095972789095,,,,,0.00017119261297282584,0.2897206228166658,0.28954943020369295,7.900677200902948,-2.5791301985290556,52.94905347656,,
2015-02-09,4.71,,4.343800000000002,4.308500000000003,5.233550000000003,50.55221785830083,62.653334702994464,,,,,-0.03475074322377958,0.24611100117396845,0.280861744397748,3.744493392070483,-7.932011331444812,52.82993819689,,
2015-02-16,4.53,,4.341300000000001,4.327500000000002,5.2329500000000015,46.95697093831758,61.81152043489821,,,,,-0.06886518707232936,0.19478026055733633,0.2636454476296657,-2.997858672376867,-10.346968873709585,53.16017772062,,
2015-02-23,4.46,,4.337300000000002,4.344500000000003,5.231450000000002,45.59880696176209,60.700402012755056,,,,,-0.09350827435712966,0.14676010468325362,0.24026837904038328,-6.498951781970642,-13.043478260869604,53.32663665508,,
2015-03-02,4.42,,4.3320000000000025,4.3632500000000025,5.229500000000002,44.80138136384956,59.3401620548871,,,,,-0.10879541329563183,0.1042741124208435,0.21306952571647533,-19.19561243144424,-14.469340996466226,52.90425389956,,
2015-03-09,4.68,,4.3313000000000015,4.392000000000003,5.228900000000002,50.82156126892716,58.269810845487065,,,,,-0.09802378208230825,0.09053979811359003,0.18856358019589828,-8.055009823182715,-13.67171947678657,52.79845226873,,
2015-03-16,4.81,,4.331600000000002,4.425500000000003,5.228850000000002,53.549450930733826,56.685305098498254,,,,,-0.07955656555632909,0.08911787325048692,0.168674438806816,-2.4340770791075075,-10.36398244182889,52.84322909885,,
2015-03-23,4.76,,4.3332000000000015,4.460500000000002,5.2276000000000025,52.34676225118889,55.7997307634423,,,,,-0.06853984123219806,0.08299963726656845,0.1515394784987665,-6.2992125984252025,-8.118765722277852,52.82784025907,,
2015-03-30,4.82,,4.338100000000002,4.494000000000002,5.225500000000002,53.69085997759533,55.295628216460614,,,,,-0.055594296791214526,0.08204660750974835,0.13764090430096287,-7.307692307692305,-7.996619094344788,52.99697564198,,
2015-04-06,4.6,,4.341800000000002,4.523000000000003,5.221350000000001,48.310224149446114,54.24271702378644,,,,,-0.05986066732052579,0.06281507015030563,0.12267573747083142,-15.12915129151292,-9.299476989481507,53.11015309302,,
2015-04-13,4.66,,4.344700000000001,4.549250000000003,5.216450000000002,49.788150228613844,53.168398721599566,,,,,-0.05668610207168662,0.05181810988122315,0.10850421195290977,-12.075471698113203,-10.689094924455482,53.1070866023,,
2015-04-20,4.56,,4.345800000000001,4.568750000000003,5.210250000000001,47.35777789263413,51.70255283730491,,,,,-0.05909574550583403,0.03463453007061723,0.09373027557645126,-13.307984790874528,-11.276027970938319,52.99335759426,,
2015-04-27,4.53,,4.344900000000002,4.588250000000004,5.206200000000001,46.62250531829769,50.41927228846058,,,,,-0.06027721764272723,0.018383753523042223,0.07866097116576945,-5.230125523012552,-11.789933330734172,53.03098902678,,
2015-05-04,4.53,,4.341300000000001,4.595250000000003,5.201900000000002,46.622505318297684,49.214915799898556,,,,,-0.058575047196063795,0.005442162170689713,0.06401720936675351,-3.821656050955408,-12.209682296594753,53.4491222167,,
2015-05-11,4.55,,4.3364,4.604000000000003,5.197100000000002,47.255661726138285,48.876774013150225,,,,,-0.053744838373556925,-0.0031638386001926477,0.05058099977336428,0.4415011037527499,-12.804038549793553,53.6131201464,,
2015-05-18,4.47,,4.3302000000000005,4.616500000000004,5.192700000000001,44.95841074334603,48.477216362082025,,,,,-0.053466514248912224,-0.016252143037776,0.03721437121113622,0.22421524663676654,-12.923654274657032,53.45348460442,,
2015-05-25,4.58,,4.323900000000001,4.636250000000003,5.187700000000001,48.654515206841424,48.598469524119444,,,,,-0.04380859635225612,-0.017546374229183925,0.026262222123072193,3.6199095022624466,-12.55868544600944,53.76528658425,,
2015-06-01,4.56,,4.319100000000001,4.654250000000003,5.1793000000000005,48.023085046625965,48.771632244466865,,,,,-0.03697446245096805,-0.019955855940637868,0.01701860651033018,-2.5641025641025665,-12.45850591933261,54.02789437454,,
2015-06-08,4.63,,4.317400000000001,4.671750000000003,5.165950000000001,50.44703977286903,49.17489355939683,,,,,-0.02644061622148685,-0.016032163766528384,0.010408452454958465,-3.7422037422037366,-11.088430700988305,54.1083599796,,
2015-06-15,4.73,,4.319100000000001,4.689250000000003,5.153100000000002,53.764289623523574,49.385088441868,,,,,-0.012165270178451676,-0.0047981352681061296,0.007367134910345546,-0.6302521008403227,-8.422025929059131,54.2742402588,,
2015-06-22,4.65,,4.318500000000001,4.7062500000000025,5.1388500000000015,50.83255159810571,49.19102420382313,,,,,-0.007752614141306036,-0.0023236327662869982,0.005428981375019038,-3.5269709543568446,-7.980905791383989,54.1502605441,,
2015-06-29,4.91,,4.320200000000002,4.719000000000003,5.126750000000002,58.71241628221594,49.64571377746792,,,,,0.011962655624996703,0.020382300906264916,0.008419645281268213,6.73913043478262,-6.083793028451727,54.36007294164,,
2015-07-06,4.97,,4.321900000000002,4.736000000000002,5.1140500000000015,60.293886628744794,50.117358538264305,,,,,0.027445002121253864,0.042725897932835544,0.01528089581158168,6.65236051502145,-2.3950375060694107,54.36375940853,,
2015-07-13,4.95,,4.3244000000000025,4.743250000000002,5.1015000000000015,59.47608608350758,50.91492010498298,,,,,0.034294658313700196,0.05814921870370693,0.023854560390006732,8.552631578947382,-1.8497546243866427,54.43308724178,,
2015-07-20,5.32,,4.330100000000002,4.759250000000002,5.088050000000001,68.09713663066243,52.222704847986456,,,,,0.06018516559608761,0.09908601738511624,0.038900851789028634,17.439293598233995,-1.692247930756336,54.00544519233,,
2015-07-27,5.36,,4.336100000000001,4.783750000000003,5.072800000000002,68.8682102531586,53.75916430230963,,,,,0.07545588305885782,0.1332207056126009,0.057764822553743086,18.322295805739515,2.064254541459783,53.98772244263,,
2015-08-03,5.52,,4.3450000000000015,4.814250000000003,5.057650000000001,71.80383720836167,55.557830865885634,,,,,0.09075594619661939,0.17120975529951732,0.08045380910289793,21.318681318681314,5.704008736862089,54.40131146746,,
2015-08-10,5.52,,4.354200000000001,4.843250000000002,5.045800000000001,71.80383720836167,57.356497429461626,,,,,0.09485467067286064,0.19902214744397373,0.10416747677111309,23.48993288590604,8.467494903032007,54.74069090865,,
2015-08-17,5.86,,4.367400000000002,4.879000000000002,5.037800000000002,77.12082277718567,59.48972321882216,,,,,0.11319956388860075,0.24566693163186404,0.1324673677432633,27.947598253275114,11.39174272230545,54.57595281806,,
2015-08-24,5.72,,4.377100000000001,4.908500000000002,5.032150000000002,71.16963045965491,61.36195319855851,,,,,0.10862152672374084,0.26824427614793933,0.1596227494241985,25.438596491228076,13.631784663738477,54.54930772808,,
2015-08-31,5.74,,4.387500000000002,4.935250000000002,5.024550000000002,71.50788502151116,62.9943367567492,,,,,0.09987908493985628,0.28447160559901885,0.18459252065916257,23.974082073434133,15.201097537601695,54.82797858558,,
2015-09-07,5.62,,4.397500000000003,4.956500000000003,5.015350000000002,66.46884810945647,64.3118912612371,,,,,0.07982265069069053,0.2843708340225257,0.2045481833318352,18.81606765327695,13.978538083786288,54.83868086104,,
2015-09-14,5.8,,4.410900000000002,4.964750000000002,5.006300000000003,69.89571946497747,65.70108266781628,,,,,0.07268958375568516,0.29541016302644163,0.22272057927075647,24.73118279569891,12.577954158904936,54.79162046158,,
2015-09-21,6.15,,4.428200000000001,4.991250000000003,4.997050000000002,75.20256363780985,67.232387954551,,,,,0.08471388882556427,0.3286129403027118,0.24389905147714755,25.254582484725056,14.73613731815682,54.68021256745,,
2015-09-28,6.83,,4.453400000000001,5.038750000000002,4.992950000000002,81.88429346855808,69.45036951672617,,,,,0.1289820785584881,0.4051266496752577,0.2761445711167696,37.42454728370222,24.419797475039786,54.97636525142,,
2015-10-05,6.13,,4.470900000000001,5.065000000000003,4.9859500000000025,63.050277309441526,69.76021673295658,,,,,0.10277714655903891,0.4046160043155682,0.3018388577565293,23.83838383838383,28.25467860048809,54.92164372803,,
2015-10-12,6.18,,4.488900000000002,5.089500000000003,4.978600000000002,63.6926593930454,70.0029862161209,,,,,0.0814037309425541,0.40359352143472194,0.32218979049216784,16.165413533834574,24.88158658694335,55.0361664136,,
2015-10-19,5.97,,4.505600000000002,5.103250000000003,4.971600000000002,59.049313235805805,69.97250244128506,,,,,0.047400917795703434,0.3814409377367971,0.33404001994109367,11.380597014925362,23.427825324125433,55.03198422356,,
2015-10-26,5.9,,4.521900000000001,5.1182500000000015,4.964950000000002,57.54339771662873,69.21866394742551,,,,,0.016091163255647967,0.3541539740106536,0.33806281075500566,6.884057971014507,21.044352285031252,55.17867714328,,
2015-11-02,5.82,,4.538800000000001,5.132250000000002,4.959050000000002,55.79219729117562,68.28466302156959,,,,,-0.012564176907121916,0.3223575896211033,0.3349217665282252,5.434782608695666,18.746867680600484,55.656511411,,
2015-11-09,6.24,,4.560000000000001,5.168750000000002,4.955150000000002,62.28201913619097,67.60453315927167,,,,,-0.006116153071248798,0.3272765751891642,0.333392728260413,6.484641638225253,19.480306737788258,55.75574241292,,
2015-11-16,6.32,,4.582800000000002,5.209000000000001,4.953300000000002,63.384630949859044,67.00316128366434,,,,,0.00031189744148518717,0.33378260006226945,0.33347070262078427,10.4895104895105,24.253505833666168,55.647671508,,
2015-11-23,6.38,,4.607000000000002,5.255250000000002,4.952350000000003,64.22922591982092,66.08233293670972,,,,,0.0051133958787834,0.33986244746926353,0.33474905159048013,11.14982578397212,28.48229014046975,55.56406306592,,
2015-11-30,6.37,,4.630900000000002,5.303000000000002,4.952100000000002,63.96440221719864,65.56767377653428,,,,,0.0041648095737874535,0.33995506355771443,0.335790253983927,13.345195729537366,29.827545572849857,55.34565042075,,
2015-12-07,7.1,,4.662400000000003,5.370000000000002,4.955850000000002,72.78564468391625,65.65894232384892,,,,,0.04687748679314552,0.39438711247535885,0.34750962568221333,22.41379310344827,31.433371578429654,55.44163888329,,
2015-12-14,7.2,,4.695600000000002,5.433000000000002,4.9608500000000015,73.73417433048954,66.17789419677986,,,,,0.0744051575312702,0.4405160725963011,0.3661109150650309,17.073170731707314,38.084222163080526,55.4033995938,,
2015-12-21,7.05,,4.725300000000003,5.489000000000002,4.966050000000002,69.80402316382866,66.1713444609835,,,,,0.07484811404296243,0.45967105761873395,0.3848229435757715,3.2210834553440666,43.45896644103142,55.09469486185,,
2015-12-28,6.95,,4.7527000000000035,5.543750000000001,4.970950000000001,67.23122976222749,65.60196346987048,,,,,0.061311965082105846,0.46146289992840384,0.400150934846298,13.376835236541604,43.004525071757534,55.13717552392,,
2016-01-04,7.23,,4.783000000000003,5.604000000000001,4.976650000000001,70.5088516950498,64.78943191461988,,,,,0.06383454080744089,0.47994411085559907,0.4161095700481582,16.990291262135933,42.651605595861156,54.83499446218,,
2016-01-11,7.89,,4.821600000000003,5.686250000000002,4.9868000000000015,76.48053469480728,65.74873601357459,,,,,0.10039539688881643,0.5416038161591787,0.4412084192703623,32.16080402010051,46.104392301500674,54.68697629033,,
2016-01-18,7.87,,4.861300000000003,5.766500000000002,4.996500000000001,75.97846234325974,66.62629336716132,,,,,0.11274937436312749,0.5821451372242716,0.46939576286114415,33.38983050847457,54.33573614485992,54.4187533257,,
2016-01-25,7.77,,4.900900000000003,5.846750000000002,5.005400000000002,73.38443798002136,67.65023084889101,,,,,0.10392094164207705,0.5992969399137404,0.4953759982716634,33.505154639175245,58.412827278262505,54.3044104527,,
2016-02-01,8.1,,4.944000000000003,5.936000000000002,5.015650000000001,76.26437414463518,68.98744345089146,,,,,0.10948332420813234,0.6322301535318289,0.5227468293236965,29.807692307692296,57.30086702860372,54.20784749638,,
2016-02-08,8.64,,4.990800000000002,6.038750000000002,5.0275500000000015,80.06553544037084,70.72125331869113,,,,,0.13692617647384964,0.6939045499160086,0.556978373442159,36.708860759493675,64.72133798191084,54.52417370438,,
2016-02-15,8.23,,5.0355000000000025,6.130750000000002,5.038000000000001,70.79522349538583,71.3293393443479,,,,,0.1157058205089605,0.7016106490783596,0.5859048285693991,28.996865203761764,68.21638193590012,54.72562384052,,
2016-02-22,7.8,,5.076200000000003,6.214000000000001,5.046900000000002,62.60781322851732,71.27385236425206,,,,,0.06355664426661678,0.66535063390267,0.6017939896360532,22.44897959183673,60.76749617459918,54.56812503142,,
2016-02-29,7.08,,5.1102000000000025,6.276500000000001,5.052600000000002,51.80446215595298,70.3863692382615,,,,,-0.023896352299356716,0.5719235492618573,0.595819901561214,-0.28169014084506444,49.619917145959704,54.16769199388,,
2016-03-07,6.82,,5.140200000000002,6.333000000000002,5.056600000000001,48.54672931922712,69.28510688840639,,,,,-0.09948207892956185,0.47146730289926175,0.5709493818288236,-5.277777777777776,39.643757723103356,53.91434719246,,
2016-03-14,6.71,,5.170500000000001,6.3850000000000025,5.057550000000001,47.19452010442907,67.45716941844302,,,,,-0.15386791262811828,0.3786144910436757,0.532482403671794,-4.822695035460991,35.844737396961676,53.79944904066,,
2016-03-21,6.93,,5.202900000000002,6.440000000000002,5.05905,50.18316766290029,65.77495465647236,,,,,-0.1707045437194995,0.31910172402241965,0.48980626774191915,-0.2877697841726685,34.12442650764477,53.59307792841,,
2016-03-28,7.05,,5.236100000000001,6.500000000000002,5.0585,51.78608581990413,64.48795913190631,,,,,-0.1691161542392693,0.27841107494283257,0.44752722918210186,-2.4896265560166055,36.88045038083661,53.87771870705,,
2016-04-04,7.03,,5.269000000000002,6.553000000000002,5.0588999999999995,51.48872699836474,63.36349464877326,,,,,-0.1646116078282419,0.2417627193967995,0.4063743272250414,-10.8998732572877,40.682541116027856,53.517581454,,
2016-04-11,6.62,,5.297500000000002,6.594250000000002,5.057799999999999,45.69598332051319,61.591146907734924,,,,,-0.18302911225175944,0.17758793691034214,0.3606170491621016,-15.883100381194408,36.80206357331393,53.7502787417,,
2016-04-18,6.29,,5.322600000000002,6.627750000000002,5.056649999999999,41.6357301935575,59.102232300502806,,,,,-0.2093256645738678,0.09895996844476684,0.30828563301863465,-19.04761904761904,29.404678245155985,53.35707881524,,
2016-04-25,6.21,,5.348000000000002,6.650000000000003,5.0555,40.691793975957935,56.58175598855268,,,,,-0.22275063126436417,0.02984734393817945,0.2525979752025436,-23.333333333333332,25.310011747813473,53.26155923641,,
2016-05-02,6.48,,5.377500000000002,6.678000000000002,5.055700000000001,45.2068312652197,54.569069794638274,,,,,-0.20456030242474363,-0.0031024028283859195,0.2014578995963577,-25,24.03209769912915,53.68351193077,,
2016-05-09,6.41,,5.406900000000002,6.700250000000002,5.0557,44.26594897895258,52.28346799708952,,,,,-0.18873945732325256,-0.034466422057708,0.15427303526554456,-22.114216281895505,25.74068494526452,53.60776775349,,
2016-05-16,6.22,,5.435500000000002,6.717750000000002,5.0554,41.727360063819965,49.54502689876445,,,,,-0.18246105782403282,-0.07380328701449645,0.10865777080953636,-20.256410256410255,25.752051506111705,53.40363849111,,
2016-05-23,6.08,,5.461500000000002,6.723250000000002,5.0547,39.91111047107376,47.339018825599304,,,,,-0.17888605358699589,-0.11494979617420853,0.06393625741278737,-14.124293785310734,22.56009965542518,52.94917530878,,
2016-05-30,6.09,,5.488000000000002,6.732500000000002,5.0550999999999995,40.11162865883109,45.73214849919315,,,,,-0.16721252568264214,-0.1450793996905153,0.022133125992126836,-10.703812316715549,20.65622519816344,53.36315574773,,
2016-06-06,5.98,,5.511700000000002,6.738500000000002,5.0550999999999995,38.58627747210596,44.78799245034694,,,,,-0.1583519541488994,-0.17580681669399745,-0.017454862545098024,-10.879284649776446,18.454366434915325,53.35143034714,,
2016-06-13,6.21,,5.536000000000001,6.753250000000003,5.056699999999999,43.43027024450869,44.42253108786705,,,,,-0.12966005314061657,-0.17952992897086872,-0.04986987583025216,-10.389610389610386,19.436268847123493,53.47928890461,,
2016-06-20,6.33,,5.561800000000002,6.766500000000002,5.058999999999998,45.83091372273909,44.32513063203204,,,,,-0.09676675740766347,-0.1708283225898315,-0.07406156518216803,-10.212765957446805,19.536719872226218,53.41954766309,,
2016-06-27,6.12,,5.580500000000002,6.765750000000002,5.0596999999999985,42.43692639203428,43.77182768411304,,,,,-0.08380370781753903,-0.17881619995409181,-0.09501249213655279,-12.944523470839261,20.005221984554904,53.5114049215,,
2016-07-04,5.88,,5.5973000000000015,6.742000000000003,5.060399999999999,38.89213923720285,42.85083149963439,,,,,-0.08573561918931437,-0.20218201612319575,-0.11644639693388138,-11.178247734138976,20.490395911359144,53.00025221232,,
2016-07-11,5.42,,5.6118000000000015,6.724250000000003,5.060999999999999,33.172645117421055,41.54253993670984,,,,,-0.11074660676344175,-0.2548796553881836,-0.14413304862474183,-13.831478537360892,13.448120074293374,52.58096541469,,
2016-07-18,5.39,,5.627800000000002,6.704500000000003,5.0608499999999985,32.833518933375544,40.62379248048571,,,,,-0.12121798552771976,-0.29565553053439153,-0.17443754500667177,-13.204508856682775,8.521061719471481,53.19317765133,,
2016-07-25,5.69,,5.646300000000001,6.697500000000003,5.060599999999999,39.494811688767115,40.47086973014355,,,,,-0.10069118282233464,-0.30030152353459005,-0.19961034071225542,-12.191358024691358,8.231845061796498,53.28273524109,,
2016-08-01,5.46,,5.661600000000002,6.686500000000004,5.060149999999998,36.50559994420908,40.17185587073292,,,,,-0.09540523567306153,-0.3188668853035823,-0.2234616496305208,-14.82059282371295,8.944493533617088,54.07747957097,,
2016-08-08,5.34,,5.674700000000001,6.674500000000004,5.059049999999998,35.01648811562566,39.44397421719049,,,,,-0.09271166875556217,-0.3393512355749735,-0.24663956681941132,-14.147909967845658,8.166196306079113,53.31095375436,,
2016-08-15,5.15,,5.686500000000002,6.647250000000002,5.058249999999998,32.73932283335914,38.620643778219524,,,,,-0.09604008459381225,-0.3666896725616766,-0.27064958796786437,-15.296052631578943,5.0622740056246895,53.69793561226,,
2016-08-22,5.04,,5.692900000000002,6.615250000000003,5.056399999999999,31.46360616143592,37.887518499477814,,,,,-0.09764417361487143,-0.39270480498645366,-0.2950606313715822,-17.241379310344826,2.3750200932325423,53.81821083874,,
2016-08-29,5.09,,5.700900000000002,6.583000000000003,5.054149999999999,32.74641510861122,37.37575454501619,,,,,-0.08765002196168137,-0.40462315882368394,-0.31697313686200257,-14.882943143812717,1.6111038523773806,54.3041840519,,
2016-09-05,5.1,,5.705300000000001,6.551250000000003,5.050799999999999,33.016452283397086,36.86895623248519,,,,,-0.07326316211622552,-0.4085520895072845,-0.335288927391059,-17.874396135265705,1.1594115458484653,54.37511745249,,
2016-09-12,5.27,,5.711200000000002,6.505500000000002,5.04725,37.60319198748117,36.79873584072627,,,,,-0.04649941306611066,-0.3934131937236973,-0.34691378065758666,-16.745655608214857,2.326236567794808,54.70858562486,,
2016-09-19,5.1,,5.718400000000002,6.453000000000003,5.0442,35.02066415655089,36.19804969158643,,,,,-0.034973093722674986,-0.3906301478109304,-0.35565705408825543,-16.666666666666675,3.3968950727905054,54.12219205984,,
2016-09-26,4.97,,5.725100000000001,6.401000000000003,5.040799999999999,33.14597114413165,35.29198236454304,,,,,-0.03096911152000892,-0.3943684434882666,-0.3633993319682577,-15.476190476190478,1.3448849040446358,54.4350586452,,
2016-10-03,4.76,,5.729100000000001,6.346250000000003,5.037499999999999,30.32221415399634,34.42664577611176,,,,,-0.036924708104473236,-0.40955521709884923,-0.372630508994376,-12.177121771217715,-2.0141535111595847,54.44524817845,,
2016-10-10,4.72,,5.732000000000002,6.283500000000003,5.0347,29.801428475505546,33.77730929313338,,,,,-0.03787741178161885,-0.4199772737213996,-0.38209986193978074,-12.430426716141003,-4.481405646389646,54.76016741929,,
2016-10-17,4.62,,5.732800000000001,6.201750000000002,5.031499999999999,28.484299344278128,33.4424274521946,,,,,-0.03938718635137051,-0.43133384487899384,-0.39194665852762334,-18.80492091388401,-5.738449427769902,54.95534857805,,
2016-10-24,4.76,,5.733700000000002,6.124000000000003,5.0287999999999995,32.95205548952592,33.45089434906248,,,,,-0.02576096660547844,-0.42414786678447136,-0.3983869001789929,-12.820512820512823,-6.889378117994049,54.6717137532,,
2016-10-31,5.2,,5.738,6.059750000000003,5.029599999999999,44.6545692180284,33.81944845829543,,,,,0.015841905788282318,-0.37858451794364,-0.3944264237319223,-2.6217228464419415,-3.948125927946016,55.1933626003,,
2016-11-07,4.97,,5.7330000000000005,5.981500000000003,5.029799999999999,40.65957321033888,34.11616083444756,,,,,0.030005169081915084,-0.3569199623795285,-0.3869251314614436,-3.4951456310679725,-0.5150994849005882,55.20154855237001,,
2016-11-14,4.84,,5.730500000000001,5.886500000000003,5.0295499999999995,38.559740265981866,34.369250273758716,,,,,0.03254073385162598,-0.3462492141469111,-0.3787899479985371,-3.968253968253972,-1.2181079934550092,54.81989956576,,
2016-11-21,4.64,,5.727600000000001,5.796750000000004,5.0291,35.5204529905393,34.567902427843016,,,,,0.023113960575449455,-0.34989749727922526,-0.3730114578546747,-8.840864440078589,-4.239522409770052,54.96402952425001,,
2016-11-28,4.64,,5.7232,5.717750000000004,5.0276,35.5204529905393,34.8576772013504,,,,,0.019394443965158548,-0.3487684028982265,-0.3681628468633851,-9.019607843137255,-6.4523624314304415,55.45672829267,,
2016-12-05,4.28,,5.714000000000001,5.647750000000004,5.023599999999999,30.50162311730533,34.69733491625713,,,,,-0.0035714543632184848,-0.3726271648174082,-0.3690557104541897,-18.785578747628072,-10.022848130699433,55.39300326367,,
2016-12-12,4.21,,5.7019,5.582500000000005,5.019849999999999,29.625098722544465,34.45509537619622,,,,,-0.018881438974347298,-0.39265750917212383,-0.37377607019777653,-17.450980392156858,-15.005565111808192,54.94217392469,,
2016-12-19,4.16,,5.690500000000001,5.518750000000004,5.0158,28.984388220410437,33.839466535691166,,,,,-0.02727088260023741,-0.4078646734480733,-0.3805937908478359,-16.297786720321923,-16.155294975393446,55.37602396834,,
2016-12-26,4.22,,5.680100000000001,5.451000000000004,5.0119,30.91524554615829,33.546222349234554,,,,,-0.023800777834249554,-0.41034476314064783,-0.3865439853063983,-11.344537815126051,-16.183565086958332,55.12895259487,,
2017-01-02,3.98,,5.672100000000001,5.374250000000004,5.008,27.673993120165946,33.15536677609415,,,,,-0.032170298877988,-0.42675685890388326,-0.39458656002589526,-15.67796610169491,-17.942996247083933,55.47562092896,,
2017-01-09,4.02,,5.665200000000001,5.299,5.004499999999999,29.009885474784355,33.06162901329329,,,,,-0.029579655397032723,-0.43156112927218615,-0.40198147387515343,-12.987012987013,-19.000395862727014,55.54964105641,,
2017-01-16,4.02,,5.660100000000001,5.234,5.0007,29.009885474784355,33.00509022752749,,,,,-0.02274048747248475,-0.4304070832157594,-0.40766659574327463,-15.546218487394965,-18.83545641088157,55.60611633815,,
2017-01-23,3.93,,5.654800000000002,5.175000000000002,4.996049999999999,27.67596003369738,32.94735170534315,,,,,-0.019288706790796417,-0.4317774792317701,-0.4124887724409737,-24.423076923076923,-19.47946319642133,55.34937987243,,
2017-01-30,3.86,,5.649200000000002,5.116250000000001,4.9906,26.649561955684746,32.49717359578307,,,,,-0.016820706714632927,-0.43351465583426485,-0.4166939491196319,-22.334004024144868,-20.722150984103767,55.60597484672,,
2017-02-06,3.9,,5.641400000000001,5.051750000000001,4.986350000000001,28.28623634128016,31.32800696172962,,,,,-0.008040417092160579,-0.42674447048483266,-0.4187040533926721,-19.421487603305785,-20.96069424214959,55.79167646422,,
2017-02-13,3.86,,5.631900000000002,4.988000000000001,4.981750000000001,27.62248262402764,30.396786205564535,,,,,-0.0008510713306325024,-0.4197678925559627,-0.4189168212253302,-16.810344827586206,-21.796937131670756,55.8506703728,,
2017-02-20,3.84,,5.622700000000001,4.928500000000001,4.97795,27.27781846595424,29.590934648419704,,,,,0.006242517295979466,-0.41111367460535586,-0.4173561919013353,-17.241379310344826,-23.057298841777683,55.37307403686,,
2017-02-27,3.6,,5.610500000000001,4.8665,4.9743,23.49005104745285,28.73162022391353,,,,,-0.0011498844313907464,-0.41879354744057373,-0.417643663009183,-15.887850467289722,-25.242807684058988,55.69641412731,,
2017-03-06,3.89,,5.6034000000000015,4.811500000000001,4.972600000000001,35.19920332357499,28.708673819130365,,,,,0.01659168028412339,-0.3969040626540288,-0.41349574293815217,-7.6009501187648425,-26.323319027181725,55.0760811833,,
2017-03-13,3.91,,5.595900000000001,4.759750000000002,4.970300000000001,35.92747938095509,29.096234980819634,,,,,0.031888101074970365,-0.3736356165944392,-0.4055237176694096,-6.009615384615384,-22.914132068334517,55.09633761883,,
2017-03-20,4.07,,5.591000000000001,4.706250000000002,4.968400000000001,41.583676998448965,29.95041914338424,,,,,0.05371188287197576,-0.3383838640794399,-0.39209574695141564,-3.554502369668234,-19.72019676221841,54.92139415905,,
2017-03-27,3.92,,5.584900000000001,4.646000000000002,4.964900000000001,38.18074606115838,30.607301846294806,,,,,0.058576953358418726,-0.31887455525339226,-0.377451508611811,-1.5075376884422125,-19.986084536441155,54.82014872282,,
2017-04-03,3.86,,5.578200000000002,4.589500000000001,4.959750000000001,36.88065565266059,31.03340256818783,,,,,0.05816767812417456,-0.30474191095659275,-0.3629095890807673,-3.980099502487555,-21.038886556127967,55.45685481772,,
2017-04-10,4.03,,5.573,4.543250000000002,4.954699999999997,42.8214514552458,32.115363877836394,,,,,0.06901948683084091,-0.27663523054221617,-0.3456547173730571,0.24875621890548946,-20.855417610694808,55.5434792547,,
2017-04-17,3.97,,5.5680000000000005,4.507000000000002,4.949099999999998,41.342460629950324,32.99626210320539,,,,,0.07152528299429656,-0.2562481136301864,-0.32777339662448296,1.0178117048346065,-19.655225488687115,55.26098027453,,
2017-04-24,3.81,,5.560300000000001,4.467500000000003,4.942099999999997,37.6118321524019,33.61068686589236,,,,,0.06212381523949184,-0.25011862757511816,-0.31224244281461,-1.2953367875647623,-20.669174014016498,55.43922342035,,
2017-05-01,3.82,,5.552900000000001,4.420750000000002,4.935999999999997,37.98846902400961,34.34729465091466,,,,,0.056459355725369254,-0.24166824815789845,-0.2981276038832677,-2.0512820512820533,-22.725495441730324,55.68993967648,,
2017-05-08,3.77,,5.544300000000001,4.378500000000002,4.930849999999998,36.792460907872695,35.0717874332138,,,,,0.04947637878512112,-0.2362821304018663,-0.2857585091869874,-2.3316062176165766,-22.94855683058985,55.55922510752,,
2017-05-15,3.78,,5.534800000000001,4.339500000000002,4.926949999999998,37.21818758342289,35.70978395050971,,,,,0.04574933300990003,-0.2285718429246124,-0.27432117593451244,-1.5625000000000016,-23.396533770478307,55.5337184124,,
2017-05-22,3.67,,5.525,4.302500000000002,4.9217499999999985,34.46804036396415,36.198752360505175,,,,,0.036496028067049935,-0.22870114085070004,-0.26519716891774997,1.94444444444444,-23.846868228253054,55.3317484014,,
2017-05-29,3.69,,5.512800000000001,4.268750000000002,4.916499999999998,35.402665197460436,36.779098555612755,,,,,0.03247715894077091,-0.22460072024178634,-0.25707787918255726,-5.141388174807203,-24.184518767946813,55.82054448378,,
2017-06-05,3.73,,5.500400000000001,4.234750000000002,4.911149999999999,37.32785434036105,37.767513076534776,,,,,0.03315213979858461,-0.2156377044343265,-0.24878984423291112,-4.60358056265985,-23.99801464201517,56.5098809706,,
2017-06-12,3.76,,5.4885,4.201250000000002,4.9064499999999995,38.80101121501879,38.024785068780766,,,,,0.03602001420875678,-0.20376482647196514,-0.23978484068072192,-7.616707616707628,-23.81504445847612,56.84967351552,,
2017-06-19,3.86,,5.473900000000001,4.166000000000002,4.901999999999999,43.563135636751674,38.57018908705195,,,,,0.04449715266737525,-0.18416339984650287,-0.22866055251387812,-1.5306122448979607,-23.528070793525803,56.90935539587,,
2017-06-26,3.77,,5.458000000000001,4.1327500000000015,4.89705,40.508039313076324,38.49335782381104,,,,,0.04381890941911509,-0.17388691573998427,-0.21770582515909936,-2.3316062176165766,-22.619726783324897,56.44222063217,,
2017-07-03,3.83,,5.4411000000000005,4.104250000000001,4.89305,43.35986814409097,38.863295115449084,,,,,0.046910582332449074,-0.15906759724353803,-0.2059781795759871,-4.962779156327548,-22.342192691029936,56.92815634868,,
2017-07-10,3.73,,5.4232000000000005,4.078500000000002,4.888699999999999,39.92475631446131,39.080730877006275,,,,,0.041885350140595995,-0.1536214919002421,-0.1955068420408381,-6.045340050377839,-22.583729074226127,57.17669612353,,
2017-07-17,3.64,,5.401,4.051500000000002,4.884199999999999,37.0777191856957,38.67046428632413,,,,,0.032578741507365006,-0.15478341515663185,-0.18736215666399686,-4.461942257217846,-23.655388327803408,57.57384712219,,
2017-07-24,3.59,,5.379700000000001,4.025750000000001,4.878399999999999,35.56055840598788,38.25747127032681,,,,,0.023554969878528953,-0.15791844431583568,-0.18147341419436464,-6.020942408376964,-25.446177554717934,57.1353241608,,
2017-07-31,3.63,,5.3586,3.9975000000000014,4.873049999999999,37.75487169426318,38.26768838045977,,,,,0.020871419226999116,-0.15538414016061575,-0.17625555938761486,-3.713527851458889,-25.568400971572153,58.05909899336,,
2017-08-07,4,,5.3424000000000005,3.967500000000001,4.8699499999999984,53.52113553642837,39.37716455991824,,,,,0.0433147312866205,-0.12211214527933922,-0.16542687656595972,5.820105820105826,-24.553897526870525,58.32697203449,,
2017-08-14,3.98,,5.324199999999999,3.942750000000001,4.867549999999999,52.74344842838603,40.51652081138349,,,,,0.055342946678227145,-0.09624819321817579,-0.15159113989640294,8.446866485013626,-21.583777970366842,58.16432151046,,
2017-08-21,3.89,,5.3016,3.9190000000000014,4.864899999999999,49.27374504452634,41.377632058605165,,,,,0.055619268088320156,-0.08206705478600274,-0.1376863228743229,5.42005420054201,-18.930213121604705,57.83620397378,,
2017-08-28,3.82,,5.2715,3.898500000000001,4.862449999999999,46.700475134751976,42.25137739937572,,,,,0.04966483051166265,-0.0756052847347446,-0.12527011524640724,2.412868632707771,-19.41131586374138,58.85231289021,,
2017-09-04,3.92,,5.2494000000000005,3.8805000000000005,4.860149999999999,50.664327455988214,43.3414961321277,,,,,0.05085302202308503,-0.06170383771755095,-0.11255685974063598,4.255319148936175,-20.100397406400347,58.62841875513,,
2017-09-11,3.73,,5.2249,3.866750000000001,4.856899999999999,43.97291675840661,43.81614344770238,,,,,0.03783276127795136,-0.06526590814319677,-0.10309866942114813,-3.367875647668391,-20.99039326900941,58.27421591907001,,
2017-09-18,3.64,,5.2016,3.8525000000000014,4.853599999999998,41.19731048278112,43.98730768111398,,,,,0.022884999371125175,-0.07449242020724167,-0.09737741957836685,-3.4482758620689626,-23.23723151357749,58.041843106,,
2017-09-25,3.56,,5.1782,3.8375000000000012,4.850049999999999,38.84987138659579,43.65064594895999,,,,,0.00809872055266421,-0.08725401888753659,-0.0953527394402008,-7.049608355091384,-25.17291972332845,57.90524904096,,
2017-10-02,3.52,,5.1552,3.820000000000001,4.846999999999998,37.69337267072185,43.44959833164895,,,,,-0.003276974695260948,-0.09944895780927698,-0.09617198311401604,-5.630026809651474,-25.963988716324632,58.82085631063,,
2017-10-09,3.6,,5.1288,3.810500000000001,4.8443999999999985,41.447554367732145,43.313004490480466,,,,,-0.004253060946502837,-0.10148830929714459,-0.09723524835064175,-1.0989010989010999,-26.23217452439167,58.62772689872,,
2017-10-16,3.42,,5.099799999999999,3.7955000000000014,4.841299999999999,36.167199315122225,43.04460756195625,,,,,-0.015242604704723592,-0.11628850423154624,-0.10104589952682265,-4.735376044568243,-27.234163192876732,58.80802037677,,
2017-10-23,3.44,,5.070399999999999,3.781000000000001,4.838699999999998,37.12567201171046,43.04803276381444,,,,,-0.019134025849327135,-0.12496343183848158,-0.10582940598915444,-5.234159779614323,-28.55566879248576,58.54224235735,,
2017-10-30,3.52,,5.041899999999999,3.770750000000001,4.8363999999999985,40.94541500409877,43.43266537796523,,,,,-0.014499816382147146,-0.12395417646683837,-0.10945436008469123,-12,-27.888153053715996,58.98898808213,,
2017-11-06,3.76,,5.0085,3.768250000000001,4.835449999999998,50.63463985522774,44.352648818034126,,,,,0.0054790344910212035,-0.10260556697091472,-0.10808460146193592,-5.52763819095478,-26.07625817577659,58.90502637005,,
2017-11-13,3.76,,4.9741,3.7647500000000007,4.8348499999999985,50.634639855227725,44.14647055509122,,,,,0.01869955780196285,-0.08471015420948236,-0.1034097120114452,-3.3419023136246873,-23.123034694542905,58.56277441463,,
2017-11-20,3.67,,4.9403,3.7600000000000007,4.832799999999999,47.2621581958233,43.75494982419388,,,,,0.02120484083127233,-0.07690366097235479,-0.09810850180362712,-3.9267015706806263,-21.953066655447007,58.36730250702,,
2017-11-27,3.63,,4.9071,3.7547500000000014,4.8298999999999985,45.80203724684724,43.50697069578822,,,,,0.020005240833905577,-0.07310195076124515,-0.09310719159515073,-7.39795918367347,-23.493012291631604,59.27663648197,,
2017-12-04,3.63,,4.871099999999999,3.7555000000000005,4.827049999999998,45.80203724684724,43.44279656093789,,,,,0.019053487507238773,-0.06929033221110226,-0.08834381971834103,-2.6809651474530853,-24.39001274207308,59.12821282044,,
2017-12-11,3.64,,4.8286,3.749250000000001,4.825099999999999,46.283203063463894,43.12985910432901,,,,,0.018901722040283703,-0.06471666716798641,-0.08361838920827011,0,-24.6718219937209,59.28178002278,,
2017-12-18,3.56,,4.7855,3.740500000000001,4.8233999999999995,42.99467786621266,43.05998489774373,,,,,0.013472658670469137,-0.06677756587018369,-0.08025022454065282,0,-24.750221322878474,59.52456106983,,
2017-12-25,3.63,,4.7441,3.7295000000000007,4.8225,46.57185618287506,43.44388101917901,,,,,0.014562430344640859,-0.06204718660985176,-0.07660961695449262,3.1249999999999964,-25.04585801935526,59.19844519675,,
2018-01-01,3.36,,4.6967,3.715500000000001,4.8203499999999995,36.94241867894535,43.30763439720398,,,,,-0.002050242520798412,-0.07917242010549064,-0.07712217758469223,-6.666666666666672,-27.12200472494095,59.37146545378,,
2018-01-08,3.37,,4.644,3.7032500000000006,4.817399999999999,37.458203600524776,43.290836606475615,,,,,-0.011013982121205662,-0.0908896552361993,-0.07987567311499363,-1.4619883040935622,-29.405805818481127,59.62436393769,,
2018-01-15,3.35,,4.5952,3.686250000000001,4.815349999999999,36.80970601837564,42.95956172437872,,,,,-0.016603051315198264,-0.10062948725899146,-0.08402643594379319,-2.6162790697674376,-29.58712932954701,59.50022987833,,
2018-01-22,3.23,,4.5495,3.6677500000000007,4.81285,33.106248865351375,42.74092240653795,,,,,-0.026127878903399473,-0.11668628457304253,-0.09055840566964306,-8.238636363636365,-30.60616622833423,59.67981774283,,
2018-01-29,3.36,,4.5123,3.656500000000001,4.81125,40.133357499009534,42.95575708420216,,,,,-0.02160628972801165,-0.11756626782965762,-0.09595997810164597,-10.638297872340424,-31.423620283392683,59.8729678747,,
2018-02-05,3.82,,4.4823,3.656500000000001,4.81125,57.247405779296784,44.12018499671631,,,,,0.012591366338956744,-0.08022077017795004,-0.09281213651690678,1.5957446808510654,-28.97381966537368,59.5688822871,,
2018-02-12,3.5,,4.450200000000001,3.649750000000001,4.81035,47.14968272707037,43.87125948756221,,,,,0.013790232524000773,-0.07557434586190581,-0.08936457838590658,-4.632152588555856,-26.42317247211797,58.96645834594,,
2018-02-19,3.58,,4.4167000000000005,3.6447500000000006,4.809799999999999,49.54570303847693,43.793478286365726,,,,,0.019738884755063135,-0.06469097244207767,-0.0844298571971408,-1.3774104683195543,-26.408391135171694,58.79114493628,,
2018-02-26,3.65,,4.382700000000001,3.6442500000000004,4.8094,51.61282408328234,44.10424013546994,,,,,0.02766960713218998,-0.04984284828190333,-0.07751245541409331,0.5509641873278242,-26.710872806878395,58.76214654144,,
2018-03-05,3.53,,4.3477,3.6402500000000004,4.80835,47.98348592832285,44.260057898432486,,,,,0.024238490348887046,-0.047214342477984506,-0.07145283282687155,-3.021978021978031,-25.955700353297082,59.41308634227,,
2018-03-12,3.6,,4.317500000000001,3.6370000000000005,4.807499999999999,50.18407760046541,44.573060780833785,,,,,0.025935969409570186,-0.039032871064908825,-0.06496884047447901,1.1235955056179785,-25.097595294266995,58.63327435013,,
2018-03-19,3.74,,4.292,3.6365000000000007,4.8073,54.344224127551364,45.14884799969718,,,,,0.035167091477184595,-0.021009976127998264,-0.05617706760518286,3.030303030303039,-24.344228469848773,57.69645357296,,
2018-03-26,3.72,,4.2671,3.6330000000000005,4.807549999999999,53.65487962031512,45.91029098213307,,,,,0.03834526523226008,-0.008245486064857754,-0.04659075129711784,10.714285714285722,-22.549517521584544,57.472720635,,
2018-04-02,3.64,,4.2387,3.6297500000000005,4.8081,50.87496337783926,46.217655781773374,,,,,0.03364650668523399,-0.004532617940575356,-0.038179124625809344,8.01186943620178,-22.660234029497012,58.02441400805,,
2018-04-09,3.38,,4.2084,3.6185,4.807650000000001,43.06551778265164,46.65502000346668,,,,,0.012693089578249453,-0.02231276265299753,-0.035005852231246984,0.8955223880596956,-26.251190350227482,57.6837476015,,
2018-04-16,3.33,,4.179499999999999,3.6085000000000003,4.807500000000001,41.738625770005086,46.96076444414384,,,,,-0.003977240577409703,-0.03997740295300911,-0.03600016237559941,3.0959752321981453,-29.945607314440515,57.20445782491,,
2018-04-23,3.44,,4.153099999999999,3.6035000000000004,4.807300000000001,45.70227236836843,47.59594775485761,,,,,-0.006869237409371669,-0.044586709137313996,-0.03771747172794233,2.380952380952383,-30.157991089852814,57.23617670831,,
2018-04-30,3.49,,4.1270999999999995,3.6010000000000004,4.807550000000001,47.45224154310152,48.62066151755406,,,,,-0.004787042039485406,-0.043701274277299085,-0.03891423223781368,-8.638743455497373,-27.936507936507937,57.77431840522,,
2018-05-07,3.4,,4.101299999999998,3.595250000000001,4.806500000000001,44.661986096284174,48.94413498878796,,,,,-0.008619833782897032,-0.04968902446643497,-0.04106919068353794,-2.85714285714286,-27.510159160176112,57.8644476494,,
2018-05-14,3.41,,4.0733,3.5805000000000007,4.8046500000000005,45.04862713875208,48.072793657320474,,,,,-0.009557690853432041,-0.053016304250327995,-0.043458613396895954,-4.748603351955305,-28.44667901561261,58.19798857314,,
2018-05-21,3.53,,4.045299999999999,3.569250000000001,4.80355,49.59940827935648,48.247774053912345,,,,,-0.0015901680071200505,-0.04544632340579602,-0.04385615539867597,-3.2876712328767153,-28.527561889837166,58.3691524887,,
2018-05-28,3.55,,4.0196,3.560750000000001,4.800050000000001,50.337598943583544,48.304338047134245,,,,,0.005163261664661731,-0.03740207831784881,-0.04256533998251054,0.5665722379603405,-26.71121890257465,58.36663390456,,
2018-06-04,3.45,,3.9952999999999985,3.5515000000000008,4.796300000000001,46.65789606718113,47.950414617412726,,,,,0.003131807536759179,-0.038650580561561565,-0.041782388098320744,-4.166666666666664,-26.12456013905966,59.19657755193,,
2018-06-11,3.33,,3.9743999999999984,3.5367500000000005,4.793100000000001,42.630650221598714,47.56806920978958,,,,,-0.00558284068233008,-0.048760938951233346,-0.043178098268903266,-10.96256684491979,-28.406270550051975,58.93913151596,,
2018-06-18,3.39,,3.954399999999999,3.528250000000001,4.791100000000001,45.178582828505164,47.21053386893527,,,,,-0.006529645312484539,-0.05134015490950894,-0.0448105095970244,-8.870967741935486,-29.433237475726102,58.96578228254,,
2018-06-25,3.71,,3.934599999999999,3.530000000000001,4.790450000000001,56.32068709983859,47.35170979552722,,,,,0.014049391969071422,-0.02724876963568512,-0.04129816160475654,1.9230769230769187,-27.712378061078258,58.97652585455,,
2018-07-02,3.74,,3.917399999999999,3.5345000000000013,4.7895,57.198955559979545,47.60485807693182,,,,,0.028502478883164192,-0.005670063000801306,-0.0341725418839655,10.650887573964505,-23.461534378615926,58.97976272412,,
2018-07-09,3.62,,3.9001999999999986,3.5370000000000017,4.7874500000000015,52.63954896604203,47.73089990466059,,,,,0.02872067160019819,0.0017282976162822372,-0.026992373983915952,8.70870870870871,-22.16039418910883,58.917076041,,
2018-07-16,3.55,,3.884199999999998,3.535750000000001,4.785350000000001,50.129319018138965,48.23545713576682,,,,,0.023130693358182155,0.0019209927138117422,-0.021209700644370413,3.1976744186046475,-24.14423219939233,59.21078692836,,
2018-07-23,3.42,,3.867999999999997,3.535750000000001,4.780450000000001,45.764556668940614,48.52302362854793,,,,,0.010311522620369891,-0.008320297368908047,-0.018631819989277938,-2.005730659025796,-25.90308932026452,59.46083502344,,
2018-07-30,3.43,,3.851399999999997,3.535500000000001,4.776150000000001,46.15295024845418,48.555214905696914,,,,,0.0025442070802907113,-0.015451561138914549,-0.01799576821920526,0.8823529411764779,-27.11215152160037,59.73074092719,,
2018-08-06,3.5,,3.835399999999998,3.5350000000000015,4.7703500000000005,48.91098118233574,48.65941059421364,,,,,0.0021737330894265883,-0.015278601857422025,-0.017452334946848613,2.6392961876832803,-27.787067707612202,59.59173207999,,
2018-08-13,3.49,,3.8175999999999974,3.528250000000001,4.764400000000001,48.52857806065588,48.93559573452591,,,,,0.0013485094569319692,-0.015766698125683654,-0.017115207582615623,-1.1331444759206684,-27.16298215866314,59.89531424729,,
2018-08-20,3.46,,3.801199999999998,3.520750000000002,4.759800000000001,47.33298097279039,49.098763865528646,,,,,-0.0009979096567202805,-0.018362594653515973,-0.017364684996795693,-2.53521126760563,-25.917227980657376,60.04456573873,,
2018-08-27,3.49,,3.786399999999998,3.5162500000000017,4.755750000000003,48.69423181133374,49.034108403527014,,,,,-0.00034344719327366116,-0.01779399398838777,-0.017450546795114107,1.1594202898550734,-26.806855579775192,60.213084644,,
2018-09-03,3.48,,3.773599999999998,3.512500000000002,4.751350000000002,48.24659119469103,48.88475070717755,,,,,-0.00039432206490038965,-0.017943449376239595,-0.017549127311339206,4.504504504504502,-26.741885460670556,60.18883034145,,
2018-09-10,3.29,,3.759299999999998,3.5040000000000022,4.745650000000002,40.60816900972164,48.45262734593045,,,,,-0.012370902516090139,-0.03301275545645188,-0.020641852940361742,-2.949852507374634,-27.731740219695517,60.06371089711,,
2018-09-17,3.25,,3.7455999999999974,3.4942500000000023,4.739200000000002,39.2010657395621,48.207657025784975,,,,,-0.02159360668576658,-0.04763386129756997,-0.026040254611803388,-12.398921832884097,-29.995711835334482,60.61227997813,,
2018-09-24,3.28,,3.7307999999999977,3.487250000000002,4.732250000000002,40.85632793511851,47.898924533400226,,,,,-0.02409031249645846,-0.05615314523237647,-0.03206283273591801,-12.299465240641721,-30.43478260869566,60.62714803238,,
2018-10-01,3.32,,3.711999999999998,3.4795000000000025,4.725000000000001,43.081421585427414,46.953262710942276,,,,,-0.021547328062448856,-0.05899699281397908,-0.03744966475153022,-8.287292817679566,-31.17465506672832,61.1588334082,,
2018-10-08,3.54,,3.6976999999999975,3.4840000000000018,4.715350000000001,53.45366837457929,46.685742197699405,,,,,-0.004442580657787777,-0.04300289057376494,-0.03856030991597716,-0.28169014084506444,-30.197987806191694,61.07561037549,,
2018-10-15,3.51,,3.684399999999998,3.487500000000002,4.707450000000001,52.06047881210382,46.64438004384668,,,,,0.004948248130987237,-0.03237499975224312,-0.037323247883230354,2.631578947368417,-26.945073918204383,60.99631370807,,
2018-10-22,3.85,,3.676499999999998,3.500000000000002,4.702050000000001,63.630059786326235,47.60871867014576,,,,,0.03261311696616269,0.003443148324473011,-0.029169968641689678,12.244897959183671,-24.67226491154124,60.86522045481,,
2018-10-29,3.72,,3.667299999999998,3.5122500000000025,4.695250000000001,57.87844355898072,48.473996305148624,,,,,0.040212928052244246,0.02109619142361563,-0.019116736628628617,6.285714285714292,-21.649261403603706,61.8628127913,,
2018-11-05,3.71,,3.6615999999999973,3.5210000000000017,4.687800000000001,57.448267893687934,49.280804708379605,,,,,0.04240442127158413,0.03388878996085154,-0.008515631310732585,6.303724928366755,-20.971326359152265,61.60096020668,,
2018-11-12,4.18,,3.6612999999999976,3.53,4.6816,69.08012904306398,50.721458127003054,,,,,0.0716270343116182,0.08101816157879016,0.009391127267171964,20.809248554913285,-20.94604132958334,61.94048339224,,
2018-11-19,4.29,,3.6625999999999976,3.5497499999999995,4.676550000000001,71.07315324128788,52.33178492561962,,,,,0.09312272043759745,0.12579452781416878,0.03267180737657133,22.922636103151856,-13.573804709412308,62.2566656646,,
2018-11-26,4.29,,3.6632999999999982,3.5675,4.671700000000002,71.0731532412879,54.02751151622659,,,,,0.10141629054602652,0.15944217055910448,0.05802588001307796,23.275862068965516,-7.925382555886909,62.53418741436,,
2018-12-03,4.5,,3.6684999999999985,3.5887499999999997,4.670300000000001,74.6858697645973,55.88405708431685,,,,,0.11417082861373498,0.20073941578024668,0.0865685871665117,36.77811550151976,-8.30284021606553,62.63642809632,,
2018-12-10,4.46,,3.6728999999999985,3.6119999999999997,4.669050000000001,72.82030360303808,57.63932225634164,,,,,0.11283816664641429,0.22761629547452955,0.11477812882811526,37.23076923076923,-6.418860031375301,63.05694669452,,
2018-12-17,5.22,,3.6848999999999985,3.6525,4.672500000000002,82.01336861579011,60.59683651391796,,,,,0.1535427310015296,0.3067065425800273,0.15316381157849768,59.146341463414636,-2.284388378705222,62.91605021778,,
2018-12-24,5.3,,3.6985999999999977,3.691499999999999,4.676700000000002,82.67754915420436,63.70229961496384,,,,,0.17471564755607627,0.371558371023593,0.19684272346751674,59.638554216867476,7.526881720430059,63.1583781623,,
2018-12-31,5.05,,3.710499999999998,3.7247499999999993,4.679850000000003,73.53878505136099,66.03676083755258,,,,,0.1610785450257982,0.3981909047497645,0.2371123597239663,42.65536723163841,12.55995040836965,63.78139088318,,
2019-01-07,4.55,,3.7169999999999983,3.7474999999999996,4.6792000000000025,59.39766196578724,67.20220657900686,,,,,0.11001652982279964,0.37463302200246584,0.2646164921796662,29.62962962962963,4.076039672872788,64.52554783089,,
2019-01-14,4.27,,3.7210999999999985,3.7697499999999993,4.676500000000002,53.225212203630676,67.18588828108196,,,,,0.05196319572486763,0.32957048683575074,0.2776072911108831,10.909090909090896,-4.359842014210059,63.97562947448,,
2019-01-21,4.34,,3.726099999999999,3.794999999999999,4.674400000000002,54.49824916575517,67.3600147349142,,,,,0.014788837791997245,0.2960933383508797,0.28130450055888245,16.666666666666657,-7.0324406705857365,63.73536511358,,
2019-01-28,4.29,,3.7329999999999988,3.8162499999999993,4.671750000000002,53.380691276457306,66.62791698420928,,,,,-0.015042067513964696,0.2625019161664266,0.2775439836803913,15.633423180592994,-6.770061862856211,63.53387888083,,
2019-02-04,4.32,,3.7372999999999994,3.8369999999999997,4.670350000000003,53.9903299800513,66.35019458571432,,,,,-0.03356675661035191,0.2355855379174514,0.2691522945278033,3.3492822966507316,-8.247883272128984,63.3587465218,,
2019-02-11,4.12,,3.7394,3.8549999999999995,4.667650000000002,49.35645722023395,65.77220810903903,,,,,-0.05863539086124536,0.1958580559512466,0.254493446812492,-3.962703962703961,-10.05527512183427,63.86085226471,,
2019-02-18,4.05,,3.7392000000000003,3.8709999999999996,4.6651000000000025,47.80978722232608,64.25289797898633,,,,,-0.0780615657135236,0.15691648967058747,0.23497805538411107,-5.5944055944055995,-10.988939066692886,63.4986885257,,
2019-02-25,3.86,,3.7386,3.87925,4.661750000000002,43.79791270766522,62.30466651229899,,,,,-0.10041300570099282,0.10946179825787006,0.20987480395886288,-14.222222222222225,-13.76299013186626,63.16409372521,,
2019-03-04,4.18,,3.7417999999999996,3.8949999999999996,4.660000000000002,51.22188887632317,60.88671905765865,,,,,-0.09065037568678541,0.09656183435038113,0.18721221003716654,-6.278026905829602,-15.237575095576233,63.27320312896,,
2019-03-11,3.95,,3.7409999999999997,3.9075,4.657000000000002,46.47046591809628,58.87133306862287,,,,,-0.09616414650261587,0.0670070269088967,0.16317117341151258,-24.329501915708803,-14.207650273224084,63.38625543128,,
2019-03-18,4.03,,3.7415999999999996,3.925,4.654800000000002,48.267988287732436,57.11759626038675,,,,,-0.09096117510304727,0.049469704532703496,0.14043087963575077,-23.96226415094339,-14.046694734539933,63.70592320804,,
2019-03-25,4.05,,3.7439999999999993,3.9415000000000004,4.6521500000000024,48.731495167356826,54.74031958549866,,,,,-0.08293564657037786,0.03676132142277844,0.1196969679931563,-19.801980198019802,-13.56295680336126,64.03710378752,,
2019-04-01,3.86,,3.744399999999999,3.94525,4.648650000000002,44.63959221808642,52.02332266149023,,,,,-0.08677438766295908,0.011228983414457439,0.09800337107741652,-15.164835164835166,-14.053604274327821,64.29416755202,,
2019-04-08,3.68,,3.743499999999999,3.94375,4.643900000000001,41.117162683188205,49.70749249233504,,,,,-0.09701223693594256,-0.02326192509251168,0.07375031184343088,-13.817330210772822,-17.36442944193598,64.01935901524,,
2019-04-15,3.73,,3.7429999999999994,3.9465000000000003,4.638900000000001,42.47504021286068,48.498733795697426,,,,,-0.09582506507934405,-0.04603101950574917,0.04979404557359487,-14.055299539170504,-19.681358833404698,64.0910931869,,
2019-04-22,3.76,,3.7439,3.9517500000000005,4.634450000000002,43.319619763232055,47.7911914785261,,,,,-0.08859709339821566,-0.060952321174174706,0.02764477222404095,-12.354312354312361,-19.162630289850345,64.2927551527,,
2019-04-29,3.72,,3.7441999999999998,3.959250000000001,4.628500000000002,42.42521982762831,46.92883224008847,,,,,-0.0822270734060263,-0.07513906953349192,0.007088003872534374,-13.88888888888889,-18.28879357747723,65.02089334855,,
2019-05-06,4.01,,3.747,3.9737500000000003,4.623700000000002,50.41793637638157,46.71720689008306,,,,,-0.05548148669217888,-0.06226385449268923,-0.006782367800510348,-2.669902912621367,-17.08418212850306,65.11534815434,,
2019-05-13,4.07,,3.7500999999999998,3.988000000000001,4.619300000000003,51.905566196211886,46.56829519123739,,,,,-0.03191854649518716,-0.0466805509194943,-0.014762004424307138,0.49382716049383857,-13.148903339579018,65.61179602845,,
2019-05-20,4.16,,3.7531,4.0047500000000005,4.613500000000002,54.12880577974817,46.9091772312027,,,,,-0.009598356999439298,-0.02675995067360626,-0.01716159367416696,7.772020725388608,-11.180254432712193,65.92023993817,,
2019-05-27,4.59,,3.7612999999999994,4.033000000000001,4.609650000000002,62.94283146977195,47.99010896316311,,,,,0.032492721512274544,0.023454308216176223,-0.009038413296098323,9.808612440191391,-9.967632535377788,66.75187110354,,
2019-06-03,4.37,,3.7666999999999997,4.055000000000001,4.603900000000002,56.91702266265503,48.927188245662386,,,,,0.04321378737922234,0.0449788209279296,0.001765033548707261,10.632911392405061,-5.673939246497382,67.52483984097,,
2019-06-10,4.23,,3.7716999999999996,4.07375,4.597450000000002,53.412703368579166,49.083674995109234,,,,,0.03871764121282651,0.0501620850647404,0.01144444385191389,4.962779156327548,-5.0941306755260705,67.33748106434,,
2019-06-17,3.95,,3.7747999999999995,4.09025,4.587900000000001,47.158955696878635,49.132852836450844,,,,,0.015896618491318654,0.03131521696606221,0.015418598474743554,-2.4691358024691272,-9.584086799276719,67.57429323851,,
2019-06-24,4.07,,3.7796,4.110750000000001,4.579650000000002,49.86801548405957,49.247140493331344,,,,,0.008277067795902163,0.025764933219621255,0.017487865423719093,5.440414507772032,-11.634265897495787,67.44508057397,,
2019-07-01,3.98,,3.7831000000000006,4.12825,4.570850000000002,47.88514673985102,49.18668703422379,,,,,-0.002835639810343814,0.013943315660789324,0.016778955471133138,8.152173913043473,-11.130909293390529,67.62369622197,,
2019-07-08,4.02,,3.783300000000001,4.145750000000001,4.562850000000003,48.8584494614216,49.4880339801763,,,,,-0.007252484705988377,0.007713349588647667,0.014965834294636044,7.774798927613929,-10.97426286020286,67.59164530183,,
2019-07-15,4.07,,3.7842000000000007,4.159000000000001,4.5542000000000025,50.112662865428206,50.130569707479154,,,,,-0.006586247749277071,0.006733024608039706,0.013319272357316777,8.244680851063844,-11.040579353814893,67.65046012732,,
2019-07-22,3.89,,3.7842000000000007,4.168500000000001,4.542900000000002,45.761686241432834,50.36533013809145,,,,,-0.017432010092526082,-0.008470740258340825,0.008961269834185256,4.569892473118277,-12.08520455589031,67.96869422015,,
2019-07-29,4.19,,3.787900000000001,4.177000000000001,4.529700000000002,53.07445772443752,51.06210427817756,,,,,-0.0042525080790829835,0.0036456347353315266,0.00789814281441451,4.488778054862858,-12.170358057415017,68.19940910139,,
2019-08-05,4.31,,3.7918000000000007,4.191750000000001,4.520600000000003,55.65025469485393,52.00674962583652,,,,,0.011817185751704047,0.02266962500404457,0.010852439252340522,5.89680589680588,-7.263600963378186,67.97196067451,,
2019-08-12,4.47,,3.7992000000000004,4.210750000000001,4.512050000000002,58.89043120597725,52.6119278279505,,,,,0.03138176871277066,0.050079650143303844,0.018697881430533185,7.451923076923067,-3.4579207362461903,68.16409279091,,
2019-08-19,4.25,,3.8053000000000003,4.2125,4.503450000000003,53.14136121994759,52.70019890107448,,,,,0.02778903505619486,0.05343417525077676,0.0256451401945819,-7.407407407407405,-4.955642199242879,67.93164532382,,
2019-08-26,4.13,,3.8109999999999995,4.208500000000001,4.494600000000003,50.25924135613678,52.4238014422451,,,,,0.0161885105601742,0.04588077839479965,0.02969226783462545,-5.491990846681927,-6.687050563388297,67.42346045475,,
2019-09-02,4.05,,3.8163,4.202500000000001,4.485750000000002,48.37559609316354,51.38328462963022,,,,,0.0026927862282583453,0.03305825061994838,0.030365464391690036,-4.255319148936184,-7.75724156710581,67.20865917507,,
2019-09-09,3.83,,3.8186,4.1857500000000005,4.473700000000003,43.5426152251538,50.427969812665836,,,,,-0.02022395481355078,0.005085520874751559,0.02530947568830234,-3.037974683544306,-10.379182494370314,67.26966660379,,
2019-09-16,3.81,,3.8225,4.169500000000001,4.461150000000003,43.120852607535824,49.692837615448454,,,,,-0.035034645932727856,-0.01848383172760748,0.016550814205120376,-6.388206388206393,-13.325122029104563,66.76525418622,,
2019-09-23,3.99,,3.8280000000000003,4.138750000000001,4.449200000000003,48.00246736483611,49.75308844887399,,,,,-0.031144837290314774,-0.022380232407773093,0.00876460488254168,0.251256281407041,-12.961925131243405,66.63786700473,,
2019-09-30,4.38,,3.8366000000000002,4.11575,4.439250000000003,56.67799269181346,50.23951539228498,,,,,-0.0022651330970142325,0.00593318851127389,0.008198321608288123,8.955223880597023,-9.865486279141852,66.837419863,,
2019-10-07,4.1,,3.84,4.0920000000000005,4.424250000000003,50.20192309224959,50.4049994174563,,,,,-0.0019888403837245994,0.0057122711286323735,0.007701111512356973,0.7371007371007213,-6.625882569398206,67.02849771444,,
2019-10-14,4.02,,3.8426,4.078750000000001,4.408350000000002,48.49690986426238,50.37917516051637,,,,,-0.006887029833455483,-0.0009076757794623802,0.005979354053993103,3.3419023136246646,-6.535585710329624,66.56702764894,,
2019-10-21,3.89,,3.8448,4.06925,4.392550000000003,45.77618253176569,50.06942656525475,,,,,-0.017946899528548884,-0.016454270356693,0.0014926291718558816,-7.159904534606212,-8.625561680641198,66.40899338478,,
2019-10-28,4.09,,3.8494000000000006,4.063000000000001,4.378250000000003,50.387581302817985,50.399847641067986,,,,,-0.011188280710729345,-0.012492721716555799,-0.0013044410058264547,-5.104408352668208,-10.03974987796097,66.50727847436,,
2019-11-04,4,,3.8531000000000004,4.055750000000001,4.3621000000000025,48.39312972313757,50.06546706954656,,,,,-0.012097298613246675,-0.0164260642723848,-0.004328765659138124,-10.514541387024602,-8.901097619297643,66.5085422309,,
2019-11-11,4.06,,3.8573000000000004,4.049250000000001,4.342950000000003,49.81916826978316,49.64896089632722,,,,,-0.008164368681511176,-0.014534226511027093,-0.006369857829515918,-4.470588235294127,-6.907575030152636,66.08062907641,,
2019-11-18,4.13,,3.863,4.0495,4.324250000000003,51.502892841310164,49.121279584565286,,,,,-0.0007459854513799293,-0.0073023396437408294,-0.0065563541923609,0,-4.964655790922326,65.86868550397,,
2019-11-25,4.02,,3.8669000000000007,4.04875,4.305500000000002,48.73557756636673,48.80658075216665,,,,,-0.0030173507609245684,-0.01032804264351661,-0.007310691882592042,-0.7407407407407469,-4.543628759776096,65.66492400372,,
2019-12-02,3.89,,3.8722000000000008,4.0495,4.284450000000002,45.61610905812417,48.474928445165745,,,,,-0.012512470134356229,-0.02295127955053733,-0.0104388094161811,1.5665796344647533,-6.475503228256824,65.55697966703,,
2019-12-09,3.71,,3.8756000000000004,4.037750000000001,4.259800000000002,41.641664815326244,47.99393335389165,,,,,-0.02919991350059859,-0.04693870129192934,-0.01773878779133075,-2.624671916010501,-9.400179051029637,65.30127002255,,
2019-12-16,3.53,,3.8774000000000006,4.02725,4.236300000000003,38.06958618778365,47.6030027083652,,,,,-0.04945403034170975,-0.07955632571846794,-0.03010229537675819,-11.528822055137855,-13.454728780804068,65.25009346253,,
2019-12-23,3.56,,3.8807000000000005,4.015499999999999,4.215100000000002,39.008648935596774,47.30927387465528,,,,,-0.05736748960538897,-0.1018116573834944,-0.044444167778105434,-18.721461187214608,-15.179594840795922,65.69113087059,,
2019-12-30,3.61,,3.883200000000001,4.004499999999999,4.197750000000002,40.62460871928399,46.782283971401554,,,,,-0.0557241217774128,-0.11409931999987144,-0.05837519822245864,-11.951219512195118,-14.2119739727854,65.85653162694,,
2020-01-06,3.48,,3.8798000000000012,3.9949999999999997,4.181050000000002,37.81898036787971,45.43521166254914,,,,,-0.05953704087379144,-0.13279649931469795,-0.0732594584409065,-13.432835820895514,-14.35002129083285,65.74151592544,,
2020-01-13,3.39,,3.878700000000001,3.9877499999999997,4.164450000000001,35.96702989985239,44.41843357737792,,,,,-0.06388157187696726,-0.15311142328711558,-0.08922985141014832,-12.853470437017995,-16.079303226121773,65.68590341746,,
2020-01-20,3.68,,3.879700000000001,3.9865000000000004,4.148200000000002,45.26750197486615,44.18776158527818,,,,,-0.04393524815517212,-0.14414891160411347,-0.10021366344894135,-10.024449877750605,-16.96919152276304,65.82946514186,,
2020-01-27,4.03,,3.8835000000000015,3.9932500000000006,4.1331000000000016,53.95910418096868,44.77225598879268,,,,,-0.005880309386264215,-0.10756405018177162,-0.1016837407955074,0.7500000000000062,-11.228761388820583,65.82522597376,,
2020-02-03,3.75,,3.8857000000000013,3.9940000000000007,4.116700000000002,47.465217352776506,44.56351570664686,,,,,0.001338129908358937,-0.10001107841005874,-0.10134920831841768,-7.635467980295558,-6.907166788235532,65.74647706056,,
2020-02-10,3.56,,3.885300000000001,3.9827500000000007,4.101400000000002,43.62825059429463,44.223167197443786,,,,,-0.005409013906107665,-0.10811047570105226,-0.10270146179494459,-13.80145278450363,-9.906555973344346,65.72228092161,,
2020-02-17,3.66,,3.884500000000001,3.9725,4.088250000000001,46.0979762663782,43.95736776862915,,,,,-0.0020363674832201,-0.10524692114896972,-0.10321055366574962,-8.955223880597002,-11.343543767899474,65.59941733283,,
2020-02-24,5.06,,3.8979000000000013,3.995,4.082500000000001,67.53948461562703,45.10283860965178,,,,,0.090469971965375,0.009876911290969126,-0.08059306067440587,30.077120822622092,-5.236347291931995,65.41576145557,,
2020-03-02,5.64,,3.917900000000001,4.02125,4.078300000000001,72.43207619540877,46.79544565458336,,,,,0.1814575645257339,0.14622889498276148,-0.0352286695429724,52.02156334231805,9.814516028166546,65.54504709938,,
2020-03-09,7.31,,3.9572000000000007,4.09475,4.082800000000002,81.21264093416528,49.33805507430059,,,,,0.3358711910742899,0.38461031929989,0.04873912822560008,107.08215297450425,39.203301857294726,65.18856797028,,
2020-03-16,10.09,,4.024800000000001,4.241249999999998,4.102150000000002,88.04109921635805,52.65230038866,,,,,0.5920164979534733,0.7887597506674418,0.19674325271396842,183.4269662921348,84.09269491250608,65.39665687379,,
2020-03-23,8.99,,4.080300000000001,4.367249999999998,4.116700000000002,76.23411788062627,55.378338366720186,,,,,0.6495358299830799,1.0086630401928183,0.35912721020973837,149.03047091412745,115.85147628988966,65.251848477,,
2020-03-30,9.43,,4.139700000000001,4.501249999999997,4.133400000000002,77.53207702244922,58.13001180149536,,,,,0.6763437693054543,1.2045569218415562,0.5282131525361019,170.97701149425285,119.9326332474737,65.48940867552,,
2020-04-06,7.96,,4.185300000000001,4.600749999999998,4.143300000000002,64.79921165873785,59.8567691543135,,,,,0.5590638240279227,1.2270429325710053,0.6679791085430826,134.80825958702064,106.62994343304592,65.94016373111,,
2020-04-13,7.31,,4.224300000000001,4.682999999999998,4.148800000000001,60.09924828469829,61.448216862657674,,,,,0.4086766574452776,1.1788249303496796,0.770148272904402,98.64130434782606,88.30928597854232,65.63978586135,,
2020-04-20,8.03,,4.2693,4.781999999999997,4.157300000000001,63.276641519486994,63.398903406917285,,,,,0.33192081237841364,1.185049288377419,0.8531284759990054,99.25558312655083,82.50286122152616,65.90096306834,,
2020-04-27,7.7,,4.310800000000001,4.877249999999997,4.165200000000001,60.88356762746902,64.5143366678175,,,,,0.23757425971268875,1.1500963006398663,0.9125220409271776,105.33333333333333,86.09507431519465,66.1814338625,,
2020-05-04,7.52,,4.351500000000001,4.960499999999997,4.173400000000002,59.560403946946884,64.91442950824451,,,,,0.14617916428209032,1.0952459962797905,0.9490668319977001,111.23595505617976,85.72094049574613,66.70998680032,,
2020-05-11,7.78,,4.396000000000001,5.0472499999999965,4.185200000000001,60.88281537715405,65.87282936712862,,,,,0.08917166718831604,1.0605314159830952,0.9713597487947792,112.56830601092896,82.69865727492846,67.24017543781,,
2020-05-18,7.06,,4.4327000000000005,5.1119999999999965,4.193550000000001,55.47296791775938,66.71888060451896,,,,,-0.006038473076751316,0.96381165744884,0.9698501305255913,39.52569169960475,76.71251266154911,66.94833023065,,
2020-05-25,6.54,,4.461000000000001,5.169249999999996,4.197800000000001,51.887015565153085,67.13238341157431,,,,,-0.10742492142827442,0.8355689787402483,0.9429939001685227,15.957446808510644,65.7404699229794,67.22711937891,,
2020-06-01,5.5,,4.478600000000001,5.2034999999999965,4.198000000000001,45.54562557028479,65.56139347976415,,,,,-0.24030805693708956,0.6426088289971608,0.8829168859342503,-24.760601915184676,46.72191079697781,67.95530869003,,
2020-06-08,6.28,,4.505200000000001,5.259249999999996,4.202700000000002,50.43800875478839,63.99038866257698,,,,,-0.2692708934022925,0.5463282691813847,0.8155991625836772,-37.7601585728444,34.137426900584785,67.72595455603,,
2020-06-15,6.02,,4.5299000000000005,5.3139999999999965,4.2070500000000015,48.86212748865743,61.67963770218356,,,,,-0.297336867487792,0.4439280782239372,0.7412649457117292,-33.03670745272525,37.44323922914916,67.50825487232,,
2020-06-22,6.41,,4.559800000000001,5.378999999999997,4.2139000000000015,51.31909894221454,59.05663768260188,,,,,-0.28121026852286923,0.3897521100581427,0.6709623785810119,-32.0254506892895,43.48074561350176,67.83971659556,,
2020-06-29,6.17,,4.5872,5.433499999999997,4.219300000000001,49.735464456368824,57.163876723726354,,,,,-0.2777941970082123,0.3237196323207465,0.6015138293289588,-22.487437185929647,48.02491773020364,67.91104969692,,
2020-07-06,6.14,,4.613600000000001,5.477499999999997,4.224500000000002,49.52971605819241,55.1637080834223,,,,,-0.2684890554004544,0.2659025100783907,0.5343915654788451,-16.00547195622435,47.95949305681885,67.71558813377,,
2020-07-13,5.74,,4.636100000000001,5.518499999999998,4.2268500000000016,46.752567146469836,53.87466204683172,,,,,-0.27898114439321003,0.18566513498733261,0.46464627938054265,-28.518057285180564,42.64764698040261,67.89804710389,,
2020-07-20,5.29,,4.654400000000001,5.550249999999997,4.227800000000001,43.77862412588048,52.70890317834475,,,,,-0.30388677007864817,0.08478781678223246,0.38867458686088063,-31.2987012987013,33.288096161302825,67.94530534618,,
2020-07-27,5.16,,4.6711,5.581999999999997,4.228750000000002,42.92906399705118,51.255504783885044,,,,,-0.3154066554327918,-0.005583732430109123,0.30982292300268266,-31.38297872340425,25.991883215215918,68.27478733936,,
2020-08-03,5.06,,4.6869000000000005,5.6062499999999975,4.230250000000002,42.24986248438789,49.924525845093534,,,,,-0.3152993211637223,-0.08430122845197019,0.2309980927117521,-34.961439588688954,23.28335795771065,68.15430230864,,
2020-08-10,5.26,,4.7066,5.637749999999998,4.2329500000000015,44.15296432815217,48.82399444375106,,,,,-0.28804596745451966,-0.1290593666063975,0.15898660084812216,-25.495750708215294,21.905453665032354,68.30170756652,,
2020-08-17,5.25,,4.7265999999999995,5.667499999999998,4.236100000000001,44.074755890422566,47.62341876612738,,,,,-0.2579518748776708,-0.16345324274896633,0.09449863212870446,-19.724770642201836,24.352833018822263,68.22259976916,,
2020-08-24,5,,4.7438,5.689249999999998,4.237300000000002,42.068547891325245,46.66596019281066,,,,,-0.2423831590889419,-0.20848031673247291,0.03390284235646898,-9.090909090909092,23.691146954271737,68.01761204956,,
2020-08-31,5.13,,4.761900000000001,5.716999999999997,4.236950000000002,43.508529511278525,46.067496903248184,,,,,-0.21193165337607495,-0.23101172436362472,-0.01908007098754977,-18.31210191082803,19.81912269671614,68.33138393467,,
2020-09-07,5.21,,4.7786,5.749999999999998,4.238150000000001,44.4240348178259,45.98738327807255,,,,,-0.17645606959798177,-0.23965015798502698,-0.06319408838704521,-13.455149501661124,21.60479649932912,68.0437353851,,
2020-09-14,5.16,,4.7951,5.786249999999997,4.239750000000002,43.944688847531886,45.52357471326851,,,,,-0.14758529696373177,-0.24767570959170992,-0.10009041262797816,-19.50078003120125,23.262839879154086,67.50336525074,,
2020-09-21,5.64,,4.813,5.838999999999998,4.244750000000002,49.57034277875619,45.57416151970414,,,,,-0.09020800703758566,-0.21285042142496025,-0.12264241438737458,-8.589951377633716,26.647993432172694,67.69702893688,,
2020-09-28,5.38,,4.8296,5.884499999999997,4.248450000000002,46.82885342696088,45.253429697186014,,,,,-0.06499066561512626,-0.2038807464062824,-0.13889008079115614,-12.377850162866446,30.033051072350492,68.00051197826,,
2020-10-05,4.92,,4.8417,5.9172499999999975,4.2516500000000015,42.36471086652491,44.72694729791146,,,,,-0.073867897470422,-0.23122495262918363,-0.15735705515876164,-14.28571428571429,23.90617843453944,68.22924226322,,
2020-10-12,4.94,,4.8492999999999995,5.953749999999998,4.255300000000001,42.6208262518835,44.23345516888939,,,,,-0.07284874965903015,-0.24841799223254935,-0.1755692425735192,-6.616257088846874,18.01257195154258,67.93203742083,,
2020-10-19,4.87,,4.8551,5.990749999999997,4.258850000000001,41.91871190293275,43.888179794351025,,,,,-0.07125772091695642,-0.26464139371971473,-0.1933836728027583,-5.62015503875969,17.310168084415178,68.48363359534,,
2020-10-26,5.32,,4.8654,6.031749999999997,4.264350000000001,47.86461375928202,44.18003619673685,,,,,-0.03604405669730748,-0.23843874367439266,-0.20239468697708518,5.1383399209486305,18.983234180638195,69.07738827128,,
2020-11-02,4.67,,4.867100000000001,6.047749999999998,4.267800000000001,41.28945591057707,44.062921333417265,,,,,-0.05171961290847574,-0.26704420311267985,-0.2153245902042041,-11.216730038022812,15.533350947565658,68.69607403626,,
2020-11-09,4.63,,4.8688,6.069749999999997,4.270850000000001,40.91695592614963,43.96771372211454,,,,,-0.05942315365003553,-0.2896035322667485,-0.23018037861671298,-11.809523809523812,5.7775429833829755,68.87099881244,,
2020-11-16,4.49,,4.8614999999999995,6.092999999999998,4.273200000000002,39.571341603134464,43.64045495604184,,,,,-0.06797248619821014,-0.31514598636447566,-0.24717350016626552,-10.199999999999996,3.6829031212874037,68.8082127524,,
2020-11-23,4.35,,4.852,6.110249999999998,4.275300000000001,38.21781191177534,43.2221018147099,,,,,-0.07644885148031572,-0.3427345645166602,-0.26628571303634446,-15.204678362573105,4.715181902145886,68.57802317965,,
2020-11-30,4.03,,4.8418,6.084499999999998,4.276150000000002,35.24989671685478,42.73505530224774,,,,,-0.09574807430968668,-0.3859708059234528,-0.2902227316137661,-22.64875239923224,0.01678938910608843,68.5737202406,,
2020-12-07,4.13,,4.8376,6.046749999999998,4.277300000000002,36.899032413346035,42.26294836668112,,,,,-0.09379750939230569,-0.4074696183541482,-0.3136721089618425,-19.961240310077525,-3.356155349584501,68.25614334606,,
2020-12-14,4.03,,4.8351999999999995,5.964749999999998,4.278150000000002,35.91396938721846,41.65508655020916,,,,,-0.09117999029452772,-0.4276470968300021,-0.3364671065354744,-28.546099290780134,-3.3862750973928333,68.16625458622,,
2020-12-21,4.05,,4.8323,5.813749999999997,4.279200000000002,36.280353872190766,41.107634051970514,,,,,-0.08041571461406044,-0.43698674980304997,-0.3565710351889895,-24.72118959107807,-3.1790349058751404,68.13792553602,,
2020-12-28,3.86,,4.828,5.6854999999999976,4.280500000000002,34.275573854042065,40.01515055734807,,,,,-0.07832791657643534,-0.4544809309095337,-0.37615301433309833,-21.544715447154474,-5.36995555981457,68.03732880299,,
2021-01-04,3.76,,4.8224,5.5437499999999975,4.2798500000000015,33.234653622095394,39.04413628557197,,,,,-0.0758656975475186,-0.4709851362674966,-0.395119438719978,-23.88663967611337,-8.854634520259165,68.21140439224,,
2021-01-11,3.74,,4.8186,5.438249999999997,4.279000000000002,33.01867684307132,38.376562426753864,,,,,-0.06801954590894316,-0.48014387110615697,-0.4121243251972138,-23.203285420944557,-10.275761278420662,68.37126473973,,
2021-01-18,3.75,,4.8156,5.349249999999998,4.277400000000002,33.25224158092793,37.707377807399894,,,,,-0.055140597630190524,-0.481050072234952,-0.4259094746047615,-29.511278195488725,-11.559571459386897,68.29231385698,,
2021-01-25,3.84,,4.8154,5.244499999999998,4.277000000000002,35.43437891552216,37.24421116544199,,,,,-0.0345512359878648,-0.4690985195895925,-0.4345472836017277,-17.77301927194861,-11.428057769521173,67.99411393359,,
2021-02-01,3.58,,4.8094,5.141499999999998,4.275600000000002,32.163091502943715,36.12267386141783,,,,,-0.03246589806474809,-0.4751296561826628,-0.4426637581179147,-22.678185745140386,-12.237581977531837,68.42133220435,,
2021-02-08,3.48,,4.8047,5.040499999999998,4.272850000000002,30.97850792098059,35.386177576446656,,,,,-0.031803018026416274,-0.48241753065093507,-0.4506145126245188,-22.494432071269493,-15.316244647290942,68.68146621687,,
2021-02-15,3.41,,4.798500000000001,4.931249999999998,4.270050000000001,30.14163886751902,34.616512072258764,,,,,-0.030079440873945207,-0.4882138137169503,-0.45813437284300507,-21.609195402298838,-17.299821156362142,68.9593529603,,
2021-02-22,3.57,,4.7937,4.8439999999999985,4.268850000000001,34.49738233734571,34.25408641041671,,,,,-0.013034772273597728,-0.4744278381850022,-0.4613930659114045,-11.414392059553359,-17.98751200768491,68.83061374556,,
2021-03-01,3.6,,4.7911,4.7704999999999975,4.267750000000002,35.31181433344395,34.0465151548216,,,,,0.004452762520780973,-0.4558271127604283,-0.4602798752812093,-12.832929782082319,-16.761756050687644,69.230566276,,
2021-03-08,3.55,,4.7898000000000005,4.7217499999999974,4.266650000000002,34.54097442802714,33.99587784847677,,,,,0.016185589943233658,-0.4400478878521672,-0.45623347779540085,-11.910669975186114,-15.540337598366069,69.06634105426,,
2021-03-15,3.67,,4.7892,4.656499999999998,4.266100000000002,38.036984134698564,34.077160114287665,,,,,0.03450853668662235,-0.41309780693712295,-0.4476063436237453,-9.382716049382713,-15.043439599130004,69.1408825754,,
2021-03-22,3.48,,4.7864,4.592999999999997,4.265150000000002,34.862195171356774,34.00203338458326,,,,,0.036139395684080255,-0.40243209901864496,-0.4385714947027252,-9.844559585492224,-15.504807692307681,68.95581771238,,
2021-03-29,3.33,,4.782500000000001,4.5159999999999965,4.263350000000002,32.552198008371946,33.735736537167625,,,,,0.029692822698047072,-0.4014554663301664,-0.43114828902821345,-11.436170212765951,-18.11557607676213,69.39477795884,,
2021-04-05,3.24,,4.774800000000001,4.442749999999997,4.260900000000001,31.215707635178674,33.517174664391675,,,,,0.022282795718898463,-0.40329479437959037,-0.42557759009848883,-13.36898395721925,-21.317628941637878,69.55793820367,,
2021-04-12,3.22,,4.7663,4.369749999999997,4.258200000000001,30.911979860878233,33.351269395733304,,,,,0.01907378976925428,-0.40173535288692097,-0.42080914265617525,-14.133333333333328,-22.598196766699147,69.80774503066,,
2021-04-19,3.29,,4.757600000000001,4.308499999999997,4.255350000000002,33.35611034385141,33.37537178864617,,,,,0.024366240526586702,-0.39035134199794186,-0.41471758252452856,-14.322916666666664,-22.074480898010286,69.58342041998,,
2021-04-26,3.28,,4.744500000000001,4.258249999999997,4.252900000000001,33.175548328577946,33.369893699192595,,,,,0.02954885193685003,-0.377781517603466,-0.40733036954031604,-8.379888268156432,-21.78461241804856,69.77169419649,,
2021-05-03,3.27,,4.733500000000001,4.210999999999997,4.250100000000001,32.98327041971322,33.19481452092053,,,,,0.03432358930764462,-0.3644258829057603,-0.3987494722134049,-6.034482758620689,-21.501006861125486,70.45759938712,,
2021-05-10,3.35,,4.724700000000001,4.168249999999997,4.248200000000001,36.170458383031786,33.48105501235539,,,,,0.04425773885008655,-0.3434272986507967,-0.38768503750088323,-1.7595307917888579,-21.215192316973116,70.47914787832,,
2021-05-17,3.37,,4.718900000000001,4.120999999999997,4.246850000000001,36.97740612753693,33.90954774139514,,,,,0.052975011284554896,-0.32146627339518963,-0.3744412846797445,-5.602240896358536,-20.224963190035954,70.62962847485,,
2021-05-24,3.29,,4.711100000000001,4.0719999999999965,4.245350000000001,35.067662042434094,34.26140653960335,,,,,0.053970087748721196,-0.306978674993843,-0.3609487627425642,-8.611111111111112,-19.83774386710449,70.30556006075,,
2021-05-31,3.28,,4.704100000000001,4.028999999999996,4.243600000000001,34.8255416846397,34.284846492981494,,,,,0.0544171055501923,-0.29292738080482383,-0.34734448635501614,-7.605633802816902,-20.653132208548218,71.1642282519,,
2021-06-07,3.21,,4.696000000000001,3.9809999999999968,4.239650000000001,33.10260472975261,34.12704580700354,,,,,0.05054408996767401,-0.2841643738954236,-0.3347084638630976,-12.534059945504087,-21.57857850600547,70.51127318428,,
2021-06-14,3.18,,4.687100000000001,3.9302499999999965,4.235650000000001,32.36361828164628,33.97152036797634,,,,,0.04660389737736842,-0.2764535921413871,-0.3230574895187555,-8.62068965517241,-23.44254562606581,70.46757846898,,
2021-06-21,3.04,,4.6786,3.8772499999999965,4.231400000000001,29.098922770235006,33.33308741337179,,,,,0.03570198821739462,-0.27843000424701225,-0.3141319924644069,-8.70870870870871,-25.42192304898423,70.15077947202,,
2021-06-28,3.04,,4.6671000000000005,3.8122499999999966,4.227500000000001,29.098922770235006,32.92142509900596,,,,,0.02986120695668759,-0.2768054837685474,-0.306666690725235,-6.172839506172845,-26.561477495819087,71.02219321405,,
2021-07-05,3.07,,4.6547,3.7544999999999957,4.22325,30.83291703998391,32.798619315549665,,,,,0.029345296201593984,-0.2699850704732425,-0.2993303666748365,-4.658385093167713,-26.612404323196554,71.91703800825,,
2021-07-12,3.18,,4.6418,3.710999999999996,4.2205,36.92426307267809,33.20637327537106,,,,,0.03723248525324535,-0.2527897601082798,-0.29002224536152515,-3.3434650455927013,-26.308121889037274,70.94667012816,,
2021-07-19,3.22,,4.6315,3.6679999999999957,4.2184,39.02708622595415,33.78602373001933,,,,,0.04542101815313254,-0.2332459726701095,-0.27866699082324203,-1.8292682926829151,-23.966380022348556,69.66430027211,,
2021-07-26,3.32,,4.6234,3.6292499999999954,4.2172,44.049039371399715,34.549804374844214,,,,,0.05709470725453414,-0.2072986067550744,-0.2643933140096085,1.5290519877675786,-21.870253587528406,70.66139474205,,
2021-08-02,3.32,,4.6161,3.5792499999999956,4.216200000000001,44.049039371399715,35.32648230647434,,,,,0.06382897390312534,-0.18460709663070185,-0.24843607053382719,-0.8955223880597089,-20.635885219800926,71.93833978219,,
2021-08-09,3.36,,4.611400000000001,3.5464999999999955,4.215000000000001,46.10818871269962,36.26397647025909,,,,,0.06952151227515066,-0.16153418018988885,-0.2310556924650395,-0.29673590504451725,-19.280330658886477,72.40441682963,,
2021-08-16,3.37,,4.607,3.5149999999999957,4.21475,46.636933101423146,37.01158180728704,,,,,0.07218971977335858,-0.14081854274834127,-0.21300826252169985,2.4316109422492422,-18.908732812177067,72.24514593826,,
2021-08-23,3.17,,4.5988,3.481999999999995,4.2134,38.500964258962846,37.120407388103175,,,,,0.059256219049271086,-0.13893798871011098,-0.19819420775938207,-3.353658536585362,-20.712131530304507,72.11063596715,,
2021-08-30,3.14,,4.5864,3.4517499999999957,4.2115,37.4457095459666,37.29026792406978,,,,,0.047935811285807206,-0.13827444365212305,-0.18621025493793025,-2.1806853582554466,-23.2341419499258,74.10763325432,,
2021-09-06,3.11,,4.5765,3.428749999999995,4.20825,36.37211827449529,37.40073768048804,,,,,0.038110638009968,-0.13857195742547024,-0.17668259543543824,-2.201257861635229,-23.92336343939431,73.86394937174,,
2021-09-13,3.04,,4.5667,3.401499999999995,4.20465,33.92781931502515,37.45968157943607,,,,,0.02709813215619436,-0.14280993024019528,-0.16990806239638964,0,-25.07492507492509,73.60153561516,,
2021-09-20,3.05,,4.5583,3.3769999999999953,4.20155,34.60393958771418,37.6197045298695,,,,,0.02096237398002418,-0.1437050949213594,-0.1646674689013836,0.3289473684210456,-25.992757775637354,73.56788009938,,
2021-09-27,3.2,,4.5494,3.3557499999999956,4.1994,43.880648024307064,38.675542048017505,,,,,0.027091608796247946,-0.13080295790607366,-0.1578945667023216,4.234527687296429,-25.699087404226244,75.2088308301,,
2021-10-04,3.2,,4.5414,3.3392499999999954,4.1972499999999995,43.880648024307064,39.73137956616551,,,,,0.03095260216139256,-0.11920381400058089,-0.15015641616197345,0.6289308176100634,-23.953908500561504,75.59958482938,,
2021-10-11,3.12,,4.532,3.3232499999999954,4.194649999999999,40.34102250674931,40.41052995664875,,,,,0.028013545729143052,-0.11513948400054463,-0.1431530297296877,-3.105590062111804,-23.178387356799153,75.72561324186,,
2021-10-18,3.07,,4.521400000000001,3.3064999999999953,4.1922,38.26355471513451,40.50619364539563,,,,,0.02281710139473833,-0.11463165298626476,-0.1374487543810031,-7.530120481927711,-24.83959670027499,75.65298626388,,
2021-10-25,3.15,,4.512700000000001,3.2914999999999957,4.1898,43.2952198929259,40.81106033589362,,,,,0.024722467761652628,-0.1065456696789373,-0.13126813744058993,-5.120481927710841,-25.28552911541001,75.64622285162,,
2021-11-01,3.12,,4.505,3.2734999999999963,4.188599999999999,41.91559291134201,40.65867130303236,,,,,0.02390293851298214,-0.10138946429936224,-0.12529240281234438,-7.142857142857137,-24.162732098735233,76.8585603181,,
2021-11-08,3.09,,4.4988,3.261249999999996,4.1872,40.52490890432669,40.406947698241424,,,,,0.021363978927948016,-0.09858742915240937,-0.11995140808035738,-8.308605341246299,-24.746708433263194,77.30834750722,,
2021-11-15,3.24,,4.4959,3.2552499999999958,4.186649999999999,49.539729856309265,40.65205777992783,,,,,0.02931889683357622,-0.08330278703838712,-0.11262168387196334,2.2082018927444884,-24.96940024479805,77.47990792735,,
2021-11-22,3.62,,4.4965,3.260499999999996,4.188599999999999,64.30175344975805,41.913830661951756,,,,,0.05804540289024478,-0.04006493025915736,-0.09811033314940214,15.286624203821656,-23.128710447395797,77.83525186003,,
2021-11-29,3.56,,4.4959999999999996,3.2602499999999957,4.1895999999999995,61.254646491861266,43.539093678587356,,,,,0.07007317777732366,-0.010518860927747564,-0.08059203870507123,14.469453376205793,-17.892366804532447,78.43550586542,,
2021-12-06,3.29,,4.4940999999999995,3.2524999999999955,4.1869499999999995,49.81479412375436,44.42259971985791,,,,,0.05744257529273919,-0.008788819589147234,-0.06623139488188642,8.223684210526315,-18.10703618469373,78.47103940814,,
2021-12-13,3.36,,4.4938,3.2477499999999955,4.186249999999999,52.301938903507335,45.56044405050163,,,,,0.05158577908654853,-0.0017491710237007574,-0.05333495011024929,10.163934426229511,-20.66018561598551,78.56545884228,,
2021-12-20,3.12,,4.488199999999999,3.233999999999996,4.183949999999999,44.211714018380455,46.29500795788415,,,,,0.03038064615150103,-0.015359142420872995,-0.04573978857237403,-2.500000000000002,-21.117099461048504,78.72215161338,,
2021-12-27,3.1,,4.478899999999999,3.2244999999999964,4.1812,43.606378355384294,46.938039298432024,,,,,0.014637723611710195,-0.02744263405773628,-0.042080357669446476,-3.1250000000000027,-24.87192685736697,79.22075675308,,
2022-01-03,3.2,,4.473399999999999,3.2212499999999964,4.179549999999999,47.47851432339136,47.19502974836661,,,,,0.010768436065649985,-0.028619812587383997,-0.03938824865303398,2.564102564102566,-25.68611581193438,79.49124848745,,
2022-01-10,3.09,,4.468699999999999,3.2174999999999967,4.177,43.907157046233124,47.19692324993275,,,,,0.0011178945042499139,-0.03799088052272159,-0.03910877502697151,0.6514657980456032,-25.02791513798055,79.41697268715,,
2022-01-17,3.29,,4.465,3.2192499999999966,4.1747499999999995,51.10818261692478,47.96600611494528,,,,,0.008130600138722854,-0.02894552485356794,-0.03707612499229079,4.444444444444448,-24.489846032954357,79.9010762104,,
2022-01-24,3.61,,4.4505,3.2272499999999966,4.1742,59.96422701634629,49.51605413646041,,,,,0.03285947705327223,0.0039982213242995,-0.02886125572897273,15.705128205128197,-22.112065258786966,79.21682068378,,
2022-01-31,3.56,,4.4296999999999995,3.2342499999999967,4.173799999999999,58.19060454415373,50.580010182976686,,,,,0.04370874930898022,0.025774680907252545,-0.017934068401727676,15.210355987055024,-17.67524728144008,80.3814488691,,
2022-02-07,3.66,,4.393199999999999,3.243999999999997,4.175199999999999,60.69461249958309,51.921368724993904,,,,,0.05476284596953849,0.05051948906019543,-0.004243356909343054,12.96296296296296,-15.346905677531925,80.99376175035,,
2022-02-14,3.78,,4.330099999999999,3.254749999999997,4.1774499999999986,63.51821661484495,53.56374784717378,,,,,0.06651738625897774,0.07890337591437913,0.01238598965540138,4.419889502762422,-12.690031190903065,80.81711638925,,
2022-02-21,3.62,,4.276399999999999,3.260999999999997,4.178349999999999,57.5788748300234,54.13797248815336,,,,,0.06007420617240867,0.08747874737091221,0.027404541198503544,1.6853932584269677,-10.508224895654305,81.17079189925,,
2022-02-28,3.9,,4.221099999999999,3.2762499999999974,4.180399999999999,63.93445564630225,54.11173693076365,,,,,0.07050566046171731,0.11553661677565019,0.04503095631393288,18.54103343465045,-10.045897454777505,80.92111860533,,
2022-03-07,4.05,,4.1819999999999995,3.295499999999997,4.183649999999999,66.80377977340598,54.5081035937311,,,,,0.08250998163250835,0.1481684333545683,0.06565845172205996,20.535714285714285,-6.181015452538636,81.81384666234,,
2022-03-14,3.81,,4.147,3.3104999999999967,4.185649999999999,58.75000153801927,55.146332694750015,,,,,0.06979391311406201,0.15290084311463747,0.08310693000057547,22.115384615384613,-5.007047864190721,81.67922557889,,
2022-03-21,3.51,,4.1018,3.318749999999997,4.185549999999999,50.546741288196245,55.02096143651351,,,,,0.03826204630107391,0.13093448787691786,0.09267244157584395,13.225806451612893,-10.290819515423356,82.02731821193,,
2022-03-28,3.4,,4.0588,3.3277499999999973,4.184799999999999,47.90543071087596,55.284798343120336,,,,,0.008627903384151231,0.10345732080603298,0.09482941742188175,6.249999999999991,-16.15283719675887,82.09339744272,,
2022-04-04,3.57,,4.019299999999999,3.3409999999999966,4.1854,52.07357074434344,55.889597799474565,,,,,-0.0004140310880465653,0.09431187856182355,0.09472590964987011,15.533980582524272,-19.077979401667474,83.31063306423,,
2022-04-11,3.68,,3.9783,3.3562499999999966,4.18715,54.60456124193332,56.39860115079898,,,,,0.00009670873319821138,0.09484679556636788,0.09475008683316967,11.85410334346505,-14.82529994975305,83.1709439748,,
2022-04-18,3.65,,3.9441999999999995,3.367999999999997,4.18845,53.77054760136686,57.103129047594244,,,,,-0.0023665874431069295,0.09179185252928601,0.09415843997239294,1.1080332409972309,-12.023819734601094,83.58401635622,,
2022-04-25,3.97,,3.9185,3.386749999999997,4.18975,60.67090508935595,57.786180652767904,,,,,0.01577675455761776,0.11387938316941515,0.09810262861179739,11.516853932584274,-10.589618597359324,83.43319642158,,
2022-05-02,4.18,,3.905300000000001,3.4082499999999967,4.19195,64.42379996958338,58.104721577999136,,,,,0.038828932747764555,0.14663879454650308,0.10780986179873853,14.207650273224031,-4.85986114682436,84.22705625357,,
2022-05-09,4.63,,3.8888000000000007,3.4409999999999967,4.197,70.84411791234868,59.00854396144164,,,,,0.07897718141305649,0.20653133856505912,0.12755415715200263,22.48677248677249,3.232750712477224,84.38125348561,,
2022-05-16,4.91,,3.877700000000001,3.4797499999999966,4.2038,73.98951595633139,59.95817992263794,,,,,0.11670727048849111,0.2734382452626165,0.1567309747741254,35.6353591160221,10.796218025457465,84.17414041299,,
2022-05-23,4.19,,3.8555000000000006,3.5002499999999968,4.20765,56.96977095268671,59.49043380391235,,,,,0.08686016707062838,0.2653061836124109,0.1784460165417825,7.435897435897449,7.274924028850728,84.34077748646,,
2022-05-30,4.21,,3.835900000000001,3.5262499999999966,4.21155,57.26384755051947,59.46793185537636,,,,,0.06324872240121787,0.25750691954330485,0.19425819714208697,3.950617283950621,1.4522796278457186,85.28978202816,,
2022-06-06,4.51,,3.8196000000000008,3.5604999999999967,4.2166,61.51277529276364,59.294954687266454,,,,,0.06250820801287787,0.2723934571581843,0.20988524914530643,18.372703412073484,1.348470636960515,84.89508169744,,
2022-06-13,5.15,,3.813700000000001,3.611499999999997,4.2249,68.66923630018145,59.42820158203613,,,,,0.09769710547687577,0.33200663099140115,0.23430952551452539,46.723646723646745,9.574713901759786,85.11800175986,,
2022-06-20,5.18,,3.812600000000001,3.664999999999997,4.2335,68.96059039748945,60.15752935771257,,,,,0.11440975567533329,0.377321720108692,0.26291196443335874,52.35294117647058,19.801908091180554,85.11040993075,,
2022-06-27,5.92,,3.8202000000000016,3.736749999999997,4.24565,75.10928212319624,61.91199656021257,,,,,0.16371552562703623,0.467556371467154,0.3038408458401178,65.82633053221289,23.064996729571956,85.54128815987,,
2022-07-04,5.36,,3.8232000000000017,3.790749999999997,4.255050000000001,64.6691206904094,63.1094029873221,,,,,0.14752923790951178,0.48825239322700753,0.34072315531749575,45.652173913043484,26.528737854691396,84.98375148826,,
2022-07-11,5.39,,3.824500000000002,3.845499999999997,4.26555,64.95019241099996,64.02916167779757,,,,,0.1284584818627697,0.5012962576459579,0.37283777578318816,47.671232876712324,29.583644735890452,84.93455074917,,
2022-07-18,4.96,,3.8216000000000014,3.891499999999996,4.274100000000001,57.84668167307763,64.26074170859359,,,,,0.07893060927284262,0.4715010373742414,0.3925704281013988,24.937027707808557,23.790962898801798,84.86304760261,,
2022-07-25,4.83,,3.8199000000000014,3.9354999999999967,4.28185,55.85768033314173,64.40982261800607,,,,,0.03187453932888579,0.432413602262506,0.40053906293362024,15.55023923444977,16.118496103365896,84.44904421612,,
2022-08-01,4.44,,3.813000000000001,3.9677499999999974,4.287450000000001,50.27301104425819,63.6671159004991,,,,,-0.027830736775700138,0.3657506419639951,0.39358137873969523,-4.103671706263488,10.425034470355522,85.23011768948,,
2022-08-08,4.25,,3.8034000000000017,3.9959999999999973,4.291,47.76736606865471,62.47737062186133,,,,,-0.07950747637200478,0.29419703327468927,0.37370450964669405,-13.441955193482691,3.6002587012240745,85.55007596692,,
2022-08-15,4.45,,3.796300000000001,4.029999999999997,4.2957,50.560670611160646,61.02855295749077,,,,,-0.09837300223186696,0.25073825685686035,0.3491112590887273,6.205250596658706,1.1092099122922554,85.9559481854,,
2022-08-22,4.65,,3.7864000000000018,4.065249999999997,4.2997000000000005,53.2529214407572,59.54736763494975,,,,,-0.09545992097029143,0.229786357875863,0.3252462788461544,10.451306413301673,5.639272953239083,86.36017514206,,
2022-08-29,5.06,,3.7832000000000017,4.101249999999998,4.306400000000001,58.269783195496174,59.64022565229328,,,,,-0.06542985734894657,0.24345895715997123,0.3088888145089178,12.195121951219509,11.950541253416407,86.55339947191,,
2022-09-05,4.57,,3.7797000000000014,4.126499999999997,4.3107000000000015,51.198019691215734,59.20695223377158,,,,,-0.07726438964100318,0.21230832745766381,0.289572717098667,-11.262135922330097,11.459463325664302,87.11266529539,,
2022-09-12,5,,3.7803000000000013,4.169249999999997,4.314800000000002,56.21939978371656,58.82885398312536,,,,,-0.05583010197597155,0.21978508962870258,0.2756151916046741,-3.4749034749034697,8.019912821856478,87.01302449858,,
2022-09-19,5.12,,3.782800000000001,4.213249999999997,4.318950000000001,57.5326230310525,58.03338160675901,,,,,-0.03432341095166974,0.23271092791508696,0.2670343388667567,-13.51351351351351,11.509121850789635,87.13145895907,,
2022-09-26,5.43,,3.783900000000001,4.270999999999997,4.324650000000001,60.80353518980466,57.4507348062101,,,,,-0.0016951690642529327,0.26491537753644057,0.2666105466006935,1.30597014925372,19.46508172362557,87.43860671235,,
2022-10-03,5.02,,3.7874000000000008,4.318999999999997,4.327250000000001,54.79259808333465,55.99954308907713,,,,,-0.009751435226954097,0.2544212525670009,0.264172687793955,-6.864564007421153,20.308788598574857,87.94688923838,,
2022-10-10,5.15,,3.7926000000000006,4.367749999999997,4.330700000000001,56.26881039789325,55.39952092532598,,,,,-0.00840187610603954,0.25367034266140553,0.2620722187674451,3.8306451612903305,18.43729231937721,87.82631505813,,
2022-10-17,4.99,,3.797600000000001,4.415249999999998,4.329550000000001,53.93445547985893,54.612682573101615,,,,,-0.019715646969582112,0.23742766005546745,0.25714330702504956,3.312629399585924,17.681950293611752,87.03014301771,,
2022-10-24,4.54,,3.799500000000001,4.446499999999998,4.325750000000001,47.913883650909334,53.9031970000896,,,,,-0.05683564773373928,0.18609874735787546,0.24293439509161474,2.252252252252244,11.969983020458576,87.08753950983,,
2022-10-31,4.77,,3.806900000000001,4.475499999999998,4.324350000000001,50.92894951997485,53.5511447991491,,,,,-0.06465905033803326,0.16211058216907315,0.2267696325071064,12.235294117647049,8.702108702108745,87.68381587479,,
2022-11-07,4.81,,3.813700000000001,4.5067499999999985,4.32565,51.45525020278335,53.63559045332947,,,,,-0.06568778216352428,0.14465990480270108,0.21034768696622536,8.089887640449426,10.696724232130588,87.77542182599,,
2022-11-14,4.65,,3.8199000000000014,4.5314999999999985,4.327550000000001,49.182939397686596,53.736702833974604,,,,,-0.0750176351780294,0.11657564299368861,0.191593278171718,0,11.004262088779708,87.62719477936,,
2022-11-21,4.52,,3.8246000000000016,4.549999999999998,4.32845,47.35317490808967,53.50759599804096,,,,,-0.08697587354288619,0.08287343624311028,0.16984930978599647,-10.671936758893281,8.598896207940214,87.52015819259,,
2022-11-28,4.5,,3.8310000000000013,4.571999999999997,4.3295,47.06308512444225,53.065464832589896,,,,,-0.09273648368076223,0.05392870518504367,0.1466651888658059,-1.5317286652078836,6.675843083276021,87.92927400914,,
2022-12-05,4.46,,3.8380000000000014,4.585999999999998,4.330200000000001,46.450190921055295,52.22120824155841,,,,,-0.09537554788297749,0.027445754012084045,0.12282130189506153,-10.8,5.6889352818371774,87.59002677191,,
2022-12-12,4.67,,3.847300000000002,4.601499999999998,4.33295,50.12261466393469,52.144393596752614,,,,,-0.07974794734025578,0.023136367719741813,0.1028843150599976,-8.789062500000002,4.001138438915644,87.73334472279,,
2022-12-19,4.59,,3.8557000000000015,4.620999999999998,4.335650000000001,48.750994948649726,51.61093610853356,,,,,-0.07181574066712845,0.013114639226087021,0.08493037989321547,-15.469613259668506,5.477731162151285,87.37628764321,,
2022-12-26,4.81,,3.8654000000000015,4.6534999999999975,4.340400000000002,52.593015710507146,51.25810701420888,,,,,-0.0498136954229558,0.02266326061452073,0.07247695603747653,-4.183266932270916,7.878314208912125,87.71268642426,,
2023-01-02,4.47,,3.8743000000000016,4.680249999999997,4.341850000000001,46.7588470186025,50.254915001980166,,,,,-0.055770687758623996,0.002763596339196539,0.058534284097820535,-13.203883495145641,6.740509325002382,88.42950151018,,
2023-01-09,4.21,,3.8816000000000015,4.696249999999997,4.343150000000001,42.844782625848715,49.40149961215974,,,,,-0.07370706202700378,-0.03359954343593419,0.04010751859106959,-15.631262525050106,2.685437122914967,88.35133414264,,
2023-01-16,4.35,,3.8910000000000013,4.712999999999998,4.344750000000001,45.49068762621487,48.631633699897,,,,,-0.07251656760318075,-0.050538190912906344,0.021978376690274404,-4.185022026431727,-0.6599020790462887,88.0739017302,,
2023-01-23,4.23,,3.897600000000001,4.727499999999997,4.345650000000001,43.626429970131746,47.89534616348791,,,,,-0.07582744278343514,-0.07280592678901954,0.0030215159944156147,-11.320754716981115,-0.4516327350972785,87.97568037246,,
2023-01-30,3.95,,3.9011000000000013,4.7269999999999985,4.346100000000001,39.55330546393729,47.298162007275614,,,,,-0.09182412780800181,-0.11175864376558664,-0.019934515957584838,-17.87941787941787,-3.4164794893012913,88.61209440905,,
2023-02-06,4.24,,3.9080000000000013,4.728499999999999,4.348900000000001,45.25432435708707,46.892831638497924,,,,,-0.07834810587829567,-0.11786964830545443,-0.03952154242715876,-8.817204301075272,-6.2880372484371065,88.50106834701,,
2023-02-13,4.38,,3.915100000000001,4.722249999999998,4.352150000000001,47.81323443917824,46.63268765538328,,,,,-0.05649967593965509,-0.11014613735172762,-0.053646461412072535,-3.097345132743356,-3.864323507180603,88.4405431021,,
2023-02-20,4.28,,3.923100000000001,4.706499999999998,4.354750000000001,46.15376600054656,46.41631812701613,,,,,-0.045736378787776824,-0.11081693489679356,-0.06508055610901674,-4.888888888888883,-0.5051458785761045,88.87168705174,,
2023-02-27,4.05,,3.930300000000001,4.7029999999999985,4.356400000000001,42.50014260082151,46.06967296221126,,,,,-0.05067731177165974,-0.1284271958235914,-0.07774988405193167,-9.192825112107627,-1.7248295226634198,88.79991564277,,
2023-03-06,4.61,,3.944000000000001,4.712999999999999,4.359400000000001,52.38377288724973,46.44972208812608,,,,,-0.014670881831173196,-0.09608848634089817,-0.08141760450972498,-1.2847965738757947,-5.398869976526641,88.80903071199,,
2023-03-13,5.17,,3.9635000000000007,4.729499999999999,4.364900000000001,59.82132494458829,47.40480308980701,,,,,0.0451464832600848,-0.024984500434618973,-0.07013098369470377,12.63616557734205,2.65778773056753,88.65846986075,,
2023-03-20,5.22,,3.982800000000001,4.731249999999998,4.3702000000000005,60.41584037020368,48.14003349739766,,,,,0.08410244957323099,0.03499707827183496,-0.04910537130139603,8.523908523908528,12.915189977746639,88.37805494471,,
2023-03-27,4.58,,3.995800000000001,4.716249999999999,4.370150000000001,50.180600532628524,48.24214818196758,,,,,0.06371488462995192,0.03053823448604387,-0.03317665014390805,2.4608501118568307,10.976427806479713,88.41110537901,,
2023-04-03,4.84,,4.011500000000001,4.689249999999999,4.372500000000001,53.61832959533307,48.315384888026564,,,,,0.06449137213920536,0.04743756503009866,-0.017053807109106704,14.964370546318287,7.772313339765166,89.14637327702,,
2023-04-10,4.43,,4.0223,4.665999999999999,4.373500000000001,47.994179283805344,48.40362290696963,,,,,0.03558754931135249,0.027430629530083905,-0.008156919781268581,1.8390804597701167,5.978804239152172,89.15133666944,,
2023-04-17,4.46,,4.033200000000001,4.642749999999998,4.376050000000001,48.42050624229399,48.80188887957286,,,,,0.017594529977573395,0.013836242690698164,-0.003758287286875232,5.437352245862873,3.4576000188104974,88.9587487975,,
2023-04-24,4.53,,4.045600000000001,4.631999999999999,4.378350000000001,49.46156231607143,49.08552278599118,,,,,0.009896019761901898,0.008611737415502141,-0.0012842823463997573,14.68354430379747,3.986746096090842,89.10284831068,,
2023-05-01,4.77,,4.060500000000001,4.630499999999998,4.382300000000002,52.9666647076614,49.75268241010044,,,,,0.019879924868573165,0.0235656237393167,0.003685698870743534,12.499999999999984,4.868825891913497,90.01103853445,,
2023-05-08,4.76,,4.0760000000000005,4.638499999999999,4.386000000000001,52.80233900439057,50.69904194870424,,,,,0.024423726206179375,0.03421535662846775,0.009791630422288377,8.675799086757987,7.596273437683372,89.80673206761,,
2023-05-15,4.62,,4.090400000000002,4.6477499999999985,4.388750000000001,50.44286427028676,51.069651942504215,,,,,0.0169676194105329,0.0310011546854545,0.014033535274921603,7.943925233644856,9.50616704966471,90.17614776746,,
2023-05-22,4.53,,4.105300000000001,4.649749999999998,4.391950000000001,48.92920039674311,51.149363796616,,,,,0.005533274666727614,0.02095012860833112,0.015416853941603506,11.851851851851864,7.1980880078729506,90.16341167903,,
2023-05-29,4.37,,4.118600000000002,4.642749999999999,4.392850000000001,46.27092457592514,51.157732266285905,,,,,-0.012274993225346783,0.00007311240992002865,0.012348105635266811,-5.206073752711501,4.215456674473104,89.55898244883,,
2023-06-05,4.29,,4.130800000000002,4.623499999999998,4.392750000000001,44.95578397398679,51.333135221511995,,,,,-0.02801138353572539,-0.022666123784389924,0.005345259751335464,-17.021276595744677,1.407527108363242,91.00428467593,,
2023-06-12,4.15,,4.140500000000001,4.612999999999999,4.391150000000001,42.67012888469434,50.63930350704375,,,,,-0.04538944975347493,-0.05139155244050819,-0.0060021026870332676,-20.49808429118773,-1.1570712512296268,90.87077554569,,
2023-06-19,4.4,,4.152300000000001,4.597999999999999,4.3919000000000015,47.7762362645195,49.77894002989598,,,,,-0.037893159052171214,-0.053368551502247286,-0.015475392450076073,-3.930131004366806,-2.7955075128532005,91.04951538377,,
2023-06-26,4.05,,4.159600000000001,4.57125,4.3915000000000015,42.12020072787094,48.47210862687221,,,,,-0.05340330339209438,-0.08222952169019404,-0.028826218298099664,-16.322314049586776,-3.9632718073643582,90.93648533598,,
2023-07-03,4.08,,4.167200000000002,4.5375,4.391650000000001,42.745870117995686,47.941056454398435,,,,,-0.05814793893002804,-0.10151114196063471,-0.04336320303060667,-7.900677200902927,-5.830541825763056,90.74406259043,,
2023-07-10,3.9,,4.172600000000002,4.5095,4.392000000000001,39.955088085654445,46.96511063227854,,,,,-0.06916541896517014,-0.12981997673706935,-0.06065455777189921,-12.556053811659195,-7.595010833284499,90.31201705305,,
2023-07-17,3.89,,4.177800000000002,4.478,4.392400000000001,39.799626557737774,46.37978543755942,,,,,-0.07253039706745534,-0.1513175541062184,-0.07878715703876304,-14.128035320088303,-8.77899692026648,90.26983089265,,
2023-07-24,3.82,,4.184300000000002,4.44875,4.391550000000001,38.66551097788272,45.683000061530045,,,,,-0.07458628588209244,-0.1720200143913786,-0.09743372850928615,-19.916142557651987,-10.177887599395698,89.91307186331,,
2023-07-31,4.01,,4.193000000000001,4.4355,4.389700000000001,43.381541476641104,45.248712858713596,,,,,-0.05895129997827425,-0.17112285348212897,-0.11217155350385472,-15.756302521008404,-11.325086683534787,91.1395118479,,
2023-08-07,3.83,,4.200200000000001,4.412000000000001,4.388350000000002,40.225943423255885,44.33866133839892,,,,,-0.056525802002056175,-0.18282880600642493,-0.12630300400436875,-17.0995670995671,-10.711147045382626,90.7314956903,,
2023-08-14,4.02,,4.210000000000001,4.392250000000001,4.388350000000001,44.791060150295166,43.766427134534965,,,,,-0.03876553441111644,-0.1747599220182643,-0.13599438760714785,-11.25827814569538,-10.68917018284105,90.4170547418,,
2023-08-21,3.9,,4.2185000000000015,4.373500000000001,4.388400000000002,42.579242033732,43.20473983192391,,,,,-0.03201987417318472,-0.17601923032362876,-0.14399935615044404,-10.755148741418768,-9.869785867488664,89.3879728633,,
2023-08-28,3.81,,4.2246000000000015,4.355750000000001,4.387000000000001,40.946126752999625,42.63452028594223,,,,,-0.030544065407335952,-0.182179437909614,-0.15163537250227804,-11.188811188811188,-9.747292418772563,88.45644829518,,
2023-09-04,3.85,,4.231100000000001,4.339500000000001,4.386250000000001,42.010684112944936,42.330217395729356,,,,,-0.024082749384574637,-0.18173880923299635,-0.1576560598484217,-7.228915662650609,-10.786508950657064,88.00965186002,,
2023-09-11,3.79,,4.237800000000002,4.322750000000001,4.384900000000001,40.82193499280773,42.03494246850228,,,,,-0.021162203785718148,-0.18410881458056938,-0.16294661079485123,-13.863636363636369,-10.999061913696048,87.20195874024,,
2023-09-18,3.93,,4.246400000000001,4.3042500000000015,4.383900000000001,44.75038456667861,42.183532160072595,,,,,-0.0078022786120742205,-0.172699459059944,-0.16489718044786977,-2.962962962962955,-11.434872372372345,88.12938719624,,
2023-09-25,4.03,,4.255200000000001,4.29025,4.383950000000001,47.434598085603554,42.15912943300716,,,,,0.008865574499313272,-0.1538152123237282,-0.16268078682304146,-1.225490196078427,-9.203950918518144,88.45582844302,,
2023-10-02,4.33,,4.2673000000000005,4.278250000000001,4.3861500000000015,54.56599713865028,43.048114890919976,,,,,0.03947634268037217,-0.11333535847257625,-0.15281170115294843,11.025641025641029,-5.239949336210512,88.78968118678,,
2023-10-09,4.3,,4.279400000000001,4.274,4.389100000000001,53.78025099578163,43.83628495361897,,,,,0.05607178922796091,-0.0827219646179973,-0.1387937538459582,10.539845758354748,-2.0193851599216672,87.91299661472,,
2023-10-16,4.52,,4.292200000000001,4.28175,4.394050000000001,58.49976059176029,45.16090441834082,,,,,0.07883935997149964,-0.040244553881583656,-0.1190839138530833,18.324607329842927,-0.46488752532288113,87.76396008686,,
2023-10-23,4.53,,4.301300000000001,4.286250000000001,4.3989,58.70616383808507,46.511371366937055,,,,,0.0907005846564925,-0.005708183032467673,-0.09640876768896017,12.967581047381557,0.8399429119581107,88.01876435176,,
2023-10-30,4.04,,4.306100000000001,4.281499999999999,4.401050000000001,46.50177100720806,47.071104226174576,,,,,0.06298858103718703,-0.017673041392476385,-0.08066162242966342,5.48302872062663,-1.6719279784870473,88.60000740483,,
2023-11-06,4.03,,4.313500000000001,4.2835,4.4038,46.29027079833928,47.278870606295875,,,,,0.042414468514234444,-0.02764353678687037,-0.07005800530110481,0.24875621890548946,-6.055011567853016,88.19317796742,,
2023-11-13,3.99,,4.319800000000002,4.27725,4.4068000000000005,45.400764257868346,47.64850066591105,,,,,0.025381575754268207,-0.03833103560826956,-0.06371261136253777,2.3076923076923155,-7.86154708520175,87.47982148017,,
2023-11-20,3.85,,4.327100000000001,4.264,4.40765,42.33451970937173,47.47303349155938,,,,,0.005021527193838138,-0.057435702370240094,-0.06245722956407823,1.0498687664042003,-9.662811190606767,87.91262616469,,
2023-11-27,3.87,,4.334800000000001,4.25375,4.40685,42.92752284759678,47.49791069254972,,,,,-0.006157229641079412,-0.07015376661542749,-0.06399653697434808,0.5194805194805199,-10.710117185676234,88.2612637035,,
2023-12-04,3.75,,4.340300000000001,4.24625,4.40685,40.252832802980464,47.44838969611978,,,,,-0.019915761150960484,-0.08889123841304869,-0.0689754772620882,-1.0554089709762542,-11.882447683850529,87.93556672294,,
2023-12-11,3.51,,4.344500000000001,4.218749999999999,4.4066,35.490067920884314,46.98263139668688,,,,,-0.04218272810183618,-0.12170388738938342,-0.07952115928754724,-10.687022900763367,-15.725091044915466,88.28215590966,,
2023-12-18,3.39,,4.3455,4.17425,4.4052500000000006,33.364375696358294,46.449948589797636,,,,,-0.06086108372120555,-0.1555975139390542,-0.09473643021784864,-15.880893300248141,-19.911271963107787,87.21517556427,,
2023-12-25,3.39,,4.343300000000001,4.128500000000001,4.3969000000000005,33.364375696358294,45.63666224191761,,,,,-0.06851418263600342,-0.1803791585128529,-0.11186497587684949,-21.709006928406467,-21.5974948588521,86.72761158914,,
2024-01-01,3.68,,4.344500000000001,4.106,4.3871,42.94272551969128,45.3158142014953,,,,,-0.050192395963488165,-0.1746054708312097,-0.12441307486772153,-14.418604651162783,-19.73134572856087,86.70419373607,,
2024-01-08,3.56,,4.343500000000001,4.074,4.36835,40.35762320645006,44.30093034919529,,,,,-0.04260135609665555,-0.17766476998854097,-0.13506341389188542,-21.23893805309734,-17.346639272086854,86.58059552312,,
2024-01-15,3.54,,4.341100000000001,4.05175,4.3356,39.926223546695596,43.311356959974866,,,,,-0.035655211802251646,-0.17963242864469997,-0.14397721684244832,-21.854304635761594,-16.87428416242574,86.16071820079,,
2024-01-22,3.39,,4.338800000000001,4.025,4.307600000000001,36.75305185621464,41.75802062172159,,,,,-0.03769243477710599,-0.19109276031383082,-0.15340032553672484,-16.089108910891085,-17.62846037726875,84.70031005042,,
2024-01-29,3.47,,4.334500000000001,3.9985,4.2778,39.514093409494,40.38715844825081,,,,,-0.030489492363578063,-0.19151219099119743,-0.16102269862761937,-13.895781637717123,-18.655421974998486,85.50741039228,,
2024-02-05,3.33,,4.327300000000001,3.9625,4.254650000000001,36.5102907852578,39.67348128954007,,,,,-0.03184297775937775,-0.20082642082684155,-0.1689834430674638,-16.54135338345865,-18.924120675552107,85.3557004693,,
2024-02-12,3.34,,4.322600000000001,3.9270000000000005,4.2348,36.87939345069318,39.00127576470821,,,,,-0.028843288239399217,-0.2050375533667128,-0.1761942651273136,-13.246753246753252,-19.381156705142903,84.7575363661,,
2024-02-19,3.23,,4.319800000000002,3.8922500000000007,4.210800000000001,34.50320617840738,38.222878759032426,,,,,-0.030864741668436946,-0.2147751922128598,-0.18391045054442284,-16.5374677002584,-20.29645829536479,84.8259862899,,
2024-02-26,3.32,,4.319000000000001,3.8619999999999997,4.1889,38.02180940410616,37.914828022942025,,,,,-0.023093502540080607,-0.2127773287195236,-0.189683826179443,-11.46666666666667,-21.21175105356377,85.05075654605,,
2024-03-04,3.26,,4.315900000000001,3.83425,4.1676,36.609789209285964,37.46356133449126,,,,,-0.0191117894382285,-0.21357356297722863,-0.19446177353900013,-7.122507122507123,-20.308451724603675,84.8889414589,,
2024-03-11,3.16,,4.310700000000001,3.8059999999999996,4.144500000000001,34.32200918431293,37.03993107601501,,,,,-0.020223152733397365,-0.21974071445574683,-0.19951756172234947,-6.784660766961652,-20.875919616846872,86.48674898622,,
2024-03-18,3.08,,4.3050000000000015,3.7792499999999998,4.1246,32.56857119336382,36.831252738334975,,,,,-0.02314605221240368,-0.22845012698785405,-0.20530407477545037,-9.144542772861358,-23.087419831040414,86.2966873373,,
2024-03-25,3.15,,4.296800000000001,3.7479999999999998,4.10765,35.665657526984305,36.99563001195112,,,,,-0.01742576014799249,-0.22708627496044098,-0.2096605148124485,-14.402173913043486,-23.257088752678523,86.29554388876,,
2024-04-01,3.18,,4.286800000000001,3.7262499999999994,4.09605,37.00111996306733,37.255397459573196,,,,,-0.00910093995342448,-0.22103668975422908,-0.2119357498008046,-10.674157303370782,-22.154192177933272,88.08191493007,,
2024-04-08,3.25,,4.273000000000001,3.7055,4.0809,40.12432639938111,37.05408323669389,,,,,0.002993396620109612,-0.20819400402566757,-0.21118740064577718,-8.192090395480227,-22.04439208412185,88.25465948533,,
2024-04-15,3.37,,4.2576,3.69225,4.0676499999999995,45.1448939050497,37.39603114373672,,,,,0.020000448558667783,-0.18618683994744245,-0.20618728850611023,-0.5899705014749268,-19.787777065339007,88.20454417507,,
2024-04-22,3.16,,4.2473,3.6740000000000004,4.0514,38.984394451710145,37.32875763695205,,,,,0.01808974341970196,-0.1835751092314828,-0.20166485265118475,-8.933717579250722,-18.741246388149328,88.39096823667,,
2024-04-29,3.08,,4.236000000000001,3.6555,4.035950000000001,36.917605249353095,37.340511450747655,,,,,0.012676983074940584,-0.18581862380750902,-0.1984956068824496,-7.5075075075075075,-20.95662748277258,89.17733707325,,
2024-05-06,3.12,,4.2221,3.6332499999999994,4.020849999999999,38.66843581555215,37.28010733689466,,,,,0.012982174464107127,-0.1822678888023157,-0.19525006326642283,-6.586826347305382,-22.308122679416094,89.36677003425,,
2024-05-13,3.09,,4.2015,3.61475,4.0076,37.820602767506536,37.37370104991243,,,,,0.012358443119176887,-0.17980200936745172,-0.1921604524866286,-4.334365325077403,-22.044451249074985,90.80050379662,,
2024-05-20,3.11,,4.1808000000000005,3.5919999999999996,3.9967,38.78423308556215,37.509761023831636,,,,,0.01434789382766627,-0.17422558520204579,-0.18857347902971205,-6.325301204819277,-21.314244040993355,90.28398934778002,,
2024-05-27,3.2,,4.1536,3.5744999999999996,3.9869,43.060591487406164,38.12100283161726,,,,,0.02230548084286199,-0.16069162797613457,-0.18299710881899656,-1.8404907975460003,-20.979038920388955,90.27778848198,,
2024-06-03,3.15,,4.1315,3.558,3.97735,41.33308074644906,38.35752221321319,,,,,0.024601318575212805,-0.15224546059998056,-0.17684677917519337,-0.31645569620253894,-19.758245997556752,91.07377109822,,
2024-06-10,3.29,,4.1105,3.5439999999999996,3.9675,47.6642240990423,39.14712470533863,,,,,0.03529741467975378,-0.13272501082550114,-0.16802242550525492,6.818181818181817,-19.557566616390147,90.68122865088,,
2024-06-17,3.21,,4.093,3.5294999999999996,3.9572999999999996,44.695952121847704,39.88812062944827,,,,,0.036577586971800524,-0.12230044179050426,-0.15887802876230478,1.9047619047619064,-18.569932917135212,90.16741834924,,
2024-06-24,3.21,,4.0768,3.5115000000000003,3.9483499999999996,44.695952121847704,40.75436212433997,,,,,0.036910977273819284,-0.11273930717003067,-0.14965028444384995,0.9433962264150881,-17.21403863344863,89.23886072812,,
2024-07-01,3.27,,4.0651,3.4924999999999997,3.9390500000000004,47.53772220040067,41.60236674386971,,,,,0.0403783983416999,-0.09917728651672508,-0.13955568485842498,0.615384615384616,-17.02915016555217,89.8499299639,,
2024-07-08,3.19,,4.054500000000001,3.464,3.9289500000000004,44.271262220453316,42.121662619397284,,,,,0.03660189776333331,-0.09380331265425834,-0.13040521041759165,-5.341246290801191,-16.947630143584266,89.9152068034,,
2024-07-15,3.09,,4.040900000000001,3.43375,3.9186,40.52295818029526,42.15013631803401,,,,,0.02712324143071336,-0.09650115862919995,-0.1236244000599133,-2.21518987341773,-18.428608718350297,90.31563597242,,
2024-07-22,3.1,,4.025400000000001,3.39825,3.9059000000000004,41.06036727928512,41.85838441619368,,,,,0.0215255948343889,-0.09671740651692717,-0.11824300135131607,0.6493506493506499,-20.136161298769302,90.66094801908,,
2024-07-29,3.72,,4.012000000000001,3.378,3.8976000000000006,63.23850872104052,43.59082114971728,,,,,0.05753364158134071,-0.046325949374640185,-0.1038595909559809,19.230769230769234,-19.245768609582832,91.24738320834,,
2024-08-05,3.49,,4.001200000000001,3.3642499999999997,3.890450000000001,54.974349884343646,44.880588623645174,,,,,0.06335558451664548,-0.024665110310174043,-0.08802069482681953,12.944983818770238,-13.041190322707944,91.40492656089,,
2024-08-12,3.29,,3.9841000000000015,3.34575,3.882200000000001,48.980238925050244,45.61714598860932,,,,,0.051722396237746895,-0.02336769952963591,-0.0750900957673828,5.78778135048232,-10.749597911777881,91.42893851341,,
2024-08-19,3.19,,3.9648000000000008,3.32575,3.8738000000000006,46.26403205220782,46.22024808037371,,,,,0.03602238140675916,-0.030062119008933852,-0.06608450041569301,-0.3125000000000072,-14.383109161535824,91.27138767224,,
2024-08-26,3.17,,3.942200000000001,3.30875,3.8630500000000008,45.717968055542286,46.71551486394372,,,,,0.02361969001253862,-0.03655988790001974,-0.06017957791255836,0.6349206349206356,-16.286955600296718,90.92724156559,,
2024-09-02,3.39,,3.925900000000001,3.2967500000000003,3.8566500000000006,52.37677244451597,47.38095636088013,,,,,0.02919627191100275,-0.023684238023804927,-0.052880509934807675,3.039513677811553,-16.394617405844425,91.04654077272,,
2024-09-09,3.37,,3.9081000000000006,3.2872500000000002,3.8503500000000006,51.755207923764374,48.12539401640265,,,,,0.03036679682921098,-0.014922013898293951,-0.04528881072750493,4.984423676012465,-13.24334378487538,90.39428683205,,
2024-09-16,3.15,,3.889700000000001,3.27825,3.843650000000001,45.376202135895014,47.96196387617784,,,,,0.015881584905212187,-0.025436829595989696,-0.04131841450120188,-1.8691588785046747,-14.022572402044295,89.90371447376,,
2024-09-23,3.14,,3.8757000000000006,3.272,3.837600000000001,45.10407196616347,47.991115293628965,,,,,0.005708511232471826,-0.0341827754606121,-0.03989128669308393,-3.9755351681957154,-16.82107199509457,89.25579184033,,
2024-09-30,2.89,,3.8569000000000004,3.2595,3.831900000000001,38.83384037376175,47.57239302590854,,,,,-0.016557758560298834,-0.06058848489345747,-0.04403072633315864,-9.404388714733537,-19.498030839062807,89.4575903217,,
2024-10-07,2.98,,3.838600000000001,3.242,3.826150000000001,41.961853377811856,47.174116681437916,,,,,-0.023500830562104807,-0.07340676453578965,-0.04990593397368484,-3.5598705501618086,-22.054655329161978,89.34374066158,,
2024-10-14,2.88,,3.8209000000000004,3.225,3.820400000000001,39.542162293375036,46.83632382950376,,,,,-0.032547444719765006,-0.0905902398733911,-0.05804279515362609,-7.096774193548394,-22.068531487259143,89.57001579322,,
2024-10-21,2.89,,3.8046,3.2087499999999998,3.814600000000001,39.91528694005448,46.79291874091513,,,,,-0.035344154655235285,-0.1022229884726702,-0.06687883381743491,-22.311827956989244,-22.750925379539726,89.05894894056,,
2024-10-28,2.83,,3.7879,3.19475,3.809450000000001,38.38457321348554,46.60179059335802,,,,,-0.03846361753823026,-0.11495835574022273,-0.07649473820199247,-18.91117478510029,-23.716407687452165,89.34476085931,,
2024-11-04,2.63,,3.7696000000000005,3.17375,3.803800000000001,33.73983628979492,44.494742562554755,,,,,-0.050468654886689474,-0.1395805568103543,-0.08911190192366483,-20.060790273556236,-26.963118392381574,89.77378704541,,
2024-11-11,2.72,,3.7501000000000007,3.1585,3.798700000000002,37.410168572299135,43.24015818312301,,,,,-0.04879152349235924,-0.1501013062891139,-0.10130978279675465,-14.733542319749208,-29.54615871647381,90.89537065649,,
2024-11-18,2.61,,3.7303,3.14025,3.793000000000002,34.86794309562157,42.23213705244954,,,,,-0.05127891880870797,-0.1654084313076396,-0.11412951249893163,-17.66561514195584,-29.717114759405895,90.22769880068,,
2024-11-25,2.74,,3.7096,3.1279999999999997,3.787500000000002,40.052710777519415,41.78847124711465,,,,,-0.04081305106944859,-0.16514582633574237,-0.12433277526629379,-19.174041297935098,-29.072265229197903,90.30598899203,,
2024-12-02,2.67,,3.6915999999999998,3.11175,3.782950000000002,38.28542278719091,41.257575156518115,,,,,-0.03544747863877293,-0.16864212356475994,-0.133194644925987,-20.77151335311573,-28.307654848702086,89.7546459717,,
2024-12-09,2.68,,3.6763,3.0972499999999994,3.7789500000000014,38.7015361342606,40.280772562928455,,,,,-0.02837373959186376,-0.1686618194158167,-0.14028807982395294,-14.920634920634912,-28.226101323077334,89.08720888035,,
2024-12-16,2.86,,3.6614,3.089749999999999,3.7762000000000016,45.787234181917015,39.85448872422507,,,,,-0.009686499551273736,-0.15239620426304512,-0.14270970471177138,-8.917197452229306,-27.74938661533664,88.72440934107,,
2024-12-23,2.84,,3.6475000000000004,3.0837499999999993,3.7725500000000016,45.16255968970385,39.83922854949713,,,,,0.002558786647446548,-0.1395112214024632,-0.14207000804990974,-1.730103806228383,-24.979311654660624,88.45853760676,,
2024-12-30,2.81,,3.6361000000000008,3.0752499999999987,3.768600000000002,44.188699693156586,39.77384481571092,,,,,0.00948045421201954,-0.1302194402848853,-0.13969989449690484,-5.7046979865771785,-23.27851934331843,88.7438913547,,
2025-01-06,2.81,,3.621800000000001,3.065999999999999,3.7649000000000017,44.188699693156586,40.15633476709627,,,,,0.01459545754277447,-0.12145557256843675,-0.13605103011121122,-2.43055555555555,-24.286704636589782,88.06054170158,,
2025-01-13,2.64,,3.6044000000000005,3.0507499999999994,3.759750000000002,38.703800790140036,39.92361672511971,,,,,0.007427672956834108,-0.1267664389151686,-0.1341941118720027,-8.650519031141869,-26.506614404703583,88.34370040034,,
2025-01-20,2.6,,3.5876000000000006,3.031499999999999,3.7553500000000026,37.52359537609393,39.77943337388535,,,,,0.0012163891012154093,-0.13267362549548345,-0.13389001459669886,-8.12720848056537,-28.7339719568861,88.11890618296,,
2025-01-27,2.68,,3.5739000000000005,3.019499999999999,3.752100000000002,41.37402129277335,39.88362868479384,,,,,0.003585574397542729,-0.12940804659977045,-0.13299362099731318,1.9011406844106566,-28.39607201309329,88.29461314959,,
2025-02-03,2.67,,3.5545000000000004,3.009249999999999,3.7492500000000017,41.03359195906264,40.07284430947792,,,,,0.005456872925943407,-0.12617252983988392,-0.13162940276582732,-1.8382352941176567,-27.386883232102637,88.32683137394,,
2025-02-10,2.62,,3.5290000000000004,2.9967499999999987,3.7462500000000016,39.292723100059334,40.469479081639655,,,,,0.004352865242927856,-0.1261883212121675,-0.13054118645509535,0.3831417624521161,-27.87377911344854,88.14072883317,,
2025-02-17,2.78,,3.5046,2.9889999999999985,3.743700000000002,47.03626708627418,41.15705754692359,,,,,0.014833655516212796,-0.11199911705982935,-0.12683277257604214,1.459854014598525,-28.358535451587315,88.2074396207,,
2025-02-24,2.87,,3.4875,2.9829999999999988,3.7416500000000017,50.83519090414795,42.29757524753261,,,,,0.027525107000166263,-0.09242638882583432,-0.11995149582600058,7.490636704119857,-26.12454853890774,88.14287241566,,
2025-03-03,2.97,,3.4688000000000003,2.977249999999999,3.7401500000000016,54.72132581331857,43.34533346437541,,,,,0.04151229259649082,-0.06806113008038706,-0.10957342267687788,10.82089552238806,-22.526246629344215,88.24692778953,,
2025-03-10,3.25,,3.4570000000000003,2.979749999999999,3.7396500000000015,63.43614221215072,45.14181342330111,,,,,0.06697095242549925,-0.02585973214500381,-0.09283068457050306,13.636363636363642,-17.31351047955425,88.07809301158,,
2025-03-17,3.21,,3.4445000000000006,2.977749999999999,3.7388500000000016,61.61176420470166,46.778258285475474,,,,,0.0777108322784286,0.0043078557775326765,-0.07340297650089592,13.028169014084513,-13.322104917224664,89.0118874929,,
2025-03-24,3.47,,3.4339000000000004,2.984249999999999,3.739750000000002,68.04482066953727,48.368085891734054,,,,,0.09763044418305641,0.04863507872792461,-0.048995365455131806,23.48754448398577,-14.80035613999041,89.4533856714,,
2025-03-31,4.45,,3.430699999999999,3.015249999999999,3.745600000000002,80.98167849936539,50.926594378138454,,,,,0.16798571374290333,0.16098677672349737,-0.006998937019405967,58.362989323843415,-11.392925129075994,90.09954200254,,
2025-04-07,4.26,,3.4256999999999986,3.039999999999999,3.7508500000000016,74.6699860984945,53.103829121376876,,,,,0.19121539684478078,0.23202030903657,0.04080491219178923,61.36363636363635,5.027077293364688,89.8362072398,,
2025-04-14,4.02,,3.4196999999999993,3.0607499999999996,3.7550500000000016,67.51212668375672,54.76978819213402,,,,,0.18006323519650533,0.2658839561874209,0.08582072099091556,54.61538461538459,13.0931242658508,90.51121486966,,
2025-04-21,3.67,,3.411099999999999,3.0752499999999996,3.7582000000000018,58.67817220237063,56.19652900729335,,,,,0.1405154705315275,0.2614650591553249,0.12094958862379743,36.94029850746267,4.94425263042973,90.59621511276,,
2025-04-28,3.6,,3.403399999999999,3.087749999999999,3.7610000000000015,57.0697717630268,57.59268446350284,,,,,0.10279173387149518,0.2494392559631664,0.14664752209167123,34.83146067415731,-0.865889411604262,91.25851952265,,
2025-05-05,3.53,,3.3957999999999995,3.0829999999999993,3.7633000000000014,55.433429903808964,58.59692793571968,,,,,0.06795452008478281,0.23159067219764973,0.16363615211286692,34.73282442748091,-3.111074772086165,90.65442121678,,
2025-05-12,3.16,,3.385899999999999,3.074749999999999,3.763200000000002,47.655418743877995,59.069915563206486,,,,,0.017452565983934104,0.18545185959278454,0.16799929360885044,13.669064748201453,-10.067040933122575,90.50456166105,,
2025-05-19,3.4,,3.3758999999999992,3.0774999999999992,3.7641000000000018,52.327975717128275,60.001005035854256,,,,,-0.0013313509842695082,0.16633510487851355,0.16766645586278306,18.466898954703826,-14.288828931948865,90.06425766782,,
2025-05-26,3.32,,3.368599999999999,3.080749999999999,3.7641000000000027,50.703242578742646,60.26293185674486,,,,,-0.019668950795252632,0.14308026736871726,0.1627492181639699,11.784511784511771,-12.518565958548496,90.10117346977,,
2025-06-02,3.09,,3.358699999999999,3.0787499999999994,3.7629500000000022,46.25648677159291,59.93588156156237,,,,,-0.04629334043031938,0.10488254262607066,0.15117588305639004,-4.923076923076928,-13.990513058175669,90.54783616941,,
2025-06-09,3.18,,3.351499999999999,3.0734999999999997,3.7620500000000026,48.17194129494787,59.46806838167874,,,,,-0.05618887057726274,0.08093979483481162,0.13712866541207436,-0.9345794392523303,-15.330497382198946,90.48884015018,,
2025-06-16,3.13,,3.3438999999999988,3.0674999999999994,3.7608500000000027,47.16619415752435,58.30592923491971,,,,,-0.0638867427796117,0.057270236937559726,0.12115697971717143,-9.798270893371766,-15.165236841746344,90.41665006296,,
2025-06-23,3.02,,3.335899999999998,3.0642499999999995,3.7601000000000027,44.943064936360365,57.115307858609626,,,,,-0.07348707939632675,0.029298130471762995,0.10278520986808974,-32.134831460674164,-16.512059369202223,90.46964097908,,
2025-06-30,2.8,,3.323799999999998,3.0557499999999993,3.7584000000000026,40.80097873455141,55.16931914896777,,,,,-0.09062902944294414,-0.010501076935590437,0.0801279525073537,-34.27230046948357,-20.567763068104277,90.78964624134,,
2025-07-07,2.97,,3.315199999999998,3.0577499999999995,3.7577000000000025,45.01783869116677,52.60047344838216,,,,,-0.08650385655556309,-0.028001868187100154,0.05850198836846293,-26.119402985074615,-22.725100689466853,91.22840176557,,
2025-07-14,2.93,,3.3042999999999982,3.0564999999999998,3.7571500000000024,44.21968586109284,50.425452002853476,,,,,-0.08246966101975928,-0.044585087906236165,0.03788457311352311,-20.16348773841961,-21.209307406598178,90.94973183181,,
2025-07-21,2.84,,3.293699999999999,3.0554999999999994,3.756100000000003,42.39823927457224,48.631602902197436,,,,,-0.0817068856731007,-0.06424903397785275,0.01745785169524794,-21.111111111111118,-21.733072898881296,90.46434244044,,
2025-07-28,3.13,,3.286899999999999,3.0614999999999997,3.7557500000000026,49.60192717503605,47.98329968595925,,,,,-0.05859762029639128,-0.055789173675241166,0.0028084466211501166,-11.331444759206798,-22.937133643953143,91.42668450882,,
2025-08-04,2.94,,3.277799999999999,3.06425,3.754450000000003,45.58000395998609,47.16260198574206,,,,,-0.05319235657233989,-0.06368199909427474,-0.010489642521934857,-6.962025316455702,-21.272757093652604,91.41858430268,,
2025-08-11,2.88,,3.268699999999999,3.0704999999999996,3.753250000000003,44.35685786931389,46.37141826899241,,,,,-0.05074943852022401,-0.07392644067221488,-0.023177002151990863,-15.294117647058824,-20.426579163248544,90.94827751106,,
2025-08-18,2.88,,3.2581999999999987,3.0744999999999996,3.752300000000003,44.35685786931389,46.13580677795211,,,,,-0.046346595081124556,-0.08111024600339656,-0.034763650922272,-13.253012048192769,-21.230769230769212,90.85574713893,,
2025-08-25,2.84,,3.2462999999999984,3.08025,3.750750000000003,43.45523649552423,45.50203969069469,,,,,-0.04339318599552368,-0.0890051334166766,-0.04561194742115292,-8.090614886731393,-22.97378646089857,90.72732133907,,
2025-09-01,2.83,,3.2312999999999987,3.0825,3.749300000000003,43.21872076843547,44.96743098995846,,,,,-0.0394896451040781,-0.09497400380125054,-0.05548435869717244,-11.006289308176102,-23.62755430245128,90.79992227856,,
2025-09-08,2.79,,3.2161999999999984,3.0855,3.7478000000000034,42.228642112910414,44.67972780005257,,,,,-0.0370197350930694,-0.10175902756350919,-0.06473929247043979,-10.862619808306706,-23.190667871518908,90.7388694827,,
2025-09-15,2.72,,3.1981999999999986,3.0865,3.745200000000003,40.48092572930372,44.1303695453637,,,,,-0.03740802835791325,-0.11149932791783135,-0.0740912995599181,-9.93377483443708,-24.79349032178522,90.96222765728,,
2025-09-22,2.75,,3.1803999999999983,3.0837499999999998,3.740850000000003,41.59653055936504,43.73253643120946,,,,,-0.03310040624363514,-0.11546680736446202,-0.08236640112082688,-1.7857142857142796,-25.976696367374903,90.76465373492,,
2025-09-29,2.8,,3.1679999999999984,3.08275,3.7370500000000026,43.49741606933832,43.629275797850745,,,,,-0.024723492216253945,-0.1132707663911443,-0.08854727417489036,-5.723905723905736,-25.48476074158441,90.97392354982,,
2025-10-06,3.18,,3.159499999999998,3.092,3.7365000000000026,55.38290126226781,44.67084169268763,,,,,0.006881022371103884,-0.0799459962110105,-0.08682701858211439,8.532423208191126,-24.482706539797586,90.8838124525,,
2025-10-13,3.04,,3.149999999999998,3.0977500000000004,3.7349000000000028,51.11670727487137,45.106475162952236,,,,,0.01818651769034388,-0.06409387146918455,-0.08228038915952843,7.042253521126767,-21.559469187020877,90.64982798744,,
2025-10-20,2.88,,3.140299999999998,3.1037500000000002,3.7337000000000033,46.69014340694013,45.28293641622704,,,,,0.014858524214676844,-0.06370723389118238,-0.07856575810585922,-7.987220447284345,-19.88456781640783,90.46545191162,,
2025-10-27,2.94,,3.1309999999999985,3.1122500000000004,3.732900000000003,48.491496090998496,45.71816904597178,,,,,0.016539022835024064,-0.05789197956207914,-0.07443100239710321,0,-22.468898206062242,91.00236281836,,
2025-11-03,3.15,,3.1249999999999982,3.124,3.732650000000003,54.31063930563219,46.05450562672865,,,,,0.030805606550074402,-0.0359239942095102,-0.0667296007595846,9.375,-20.268338282195057,91.24463275668,,
2025-11-10,3.07,,3.1205999999999983,3.134,3.732550000000003,51.904924985723234,46.50628569999559,,,,,0.03363569196095874,-0.024684985808386184,-0.05832067776934492,6.59722222222222,-16.689579323618332,91.64773296503,,
2025-11-17,3.19,,3.1185999999999985,3.14825,3.732050000000003,55.11652571326789,47.274833403135155,,,,,0.04183611426060213,-0.006025534943592259,-0.04786164920419439,12.323943661971834,-15.456944902672348,91.49718992624,,
2025-11-24,2.92,,3.113899999999999,3.15175,3.728600000000003,47.440485099780446,47.49509249102562,,,,,0.027988438138037933,-0.012876101531646977,-0.04086453966968491,3.1802120141342707,-16.793882631238706,91.75298121665,,
2025-12-01,2.85,,3.105599999999998,3.15125,3.7250500000000035,45.66483936097341,47.65292126712914,,,,,0.013747100583163141,-0.023680663940730984,-0.037427764523894125,2.1505376344086042,-20.57920744380665,92.48632527547,,
2025-12-08,2.91,,3.099099999999998,3.14975,3.7213000000000034,47.4794132823882,47.957256446697194,,,,,0.008270541989641035,-0.027089587036842833,-0.03536012902648387,6.985294117647055,-21.06894414215853,92.44301282379,,
2025-12-15,2.9,,3.092699999999998,3.1410000000000005,3.7169000000000034,47.196510620547414,48.31210419724268,,,,,0.004088580592776378,-0.0302494032855134,-0.03433798387828978,5.4545454545454515,-20.295650734989902,92.62291480692,,
2025-12-22,2.86,,3.0873999999999984,3.13225,3.7131000000000034,46.01542918856742,48.70742587290438,,,,,-0.0009865756516873742,-0.03557120344289899,-0.03458462779121162,2.142857142857145,-20.898963265644184,93.37933908687,,
2025-12-29,2.83,,3.0809999999999977,3.11625,3.707750000000003,45.10377776134344,48.95794353018855,,,,,-0.0057150958022830975,-0.04172849754406549,-0.03601340174178239,-11.006289308176102,-22.044534133160067,93.602506913,,
2026-01-05,2.74,,3.0750999999999977,3.0735000000000006,3.7012000000000036,42.39046734648649,48.87887576427056,,,,,-0.013794508294577464,-0.05325653711000422,-0.03946202881542676,-9.868421052631573,-23.16105719309416,93.90884589814,,
2026-01-12,2.65,,3.068199999999998,3.0332500000000007,3.695400000000003,39.81131068592553,47.76661929453183,,,,,-0.023519218560888837,-0.0688610520165378,-0.04534183345564897,-7.986111111111112,-25.256195138185884,93.94672020877,,
2026-01-19,2.68,,3.0626999999999978,2.999750000000001,3.6912500000000033,41.09779501176236,47.05098270430976,,,,,-0.026053659501088372,-0.07790890783200943,-0.05185524833092106,-8.84353741496598,-26.554299836170237,94.21302299421,,
2026-01-26,2.88,,3.0582999999999974,2.980000000000001,3.688650000000003,48.934142198559314,47.21126833228255,,,,,-0.013040134935176327,-0.06815541699989147,-0.055115282064715145,-8.571428571428571,-25.933131374892266,94.57443778181,,
2026-02-02,2.87,,3.0543999999999976,2.9617500000000008,3.685150000000003,48.58608652044442,47.21802479152869,,,,,-0.004335625562199234,-0.06053481401746419,-0.056199188455264955,-6.514657980456017,-23.52188664553086,94.60992446246,,
2026-02-09,2.95,,3.052299999999998,2.9472500000000013,3.6815000000000024,51.55476059813114,47.02117631242147,,,,,0.006965243313744471,-0.04749263431308437,-0.05445787762682884,-7.523510971786827,-21.344247689052214,94.20480764745,,
2026-02-16,2.86,,3.050099999999998,2.939750000000001,3.6775500000000028,48.18404348614912,46.755399062451886,,,,,0.00843617175858967,-0.04391266292859175,-0.05234883468718142,-2.054794520547947,-20.577416118604358,93.86070259421,,
2026-02-23,3.12,,3.049799999999998,2.932750000000001,3.673300000000003,56.94233720261873,46.885814168834095,,,,,0.02598573007342394,-0.019866672095401494,-0.04585240216882543,9.473684210526315,-19.08707904355344,93.44763098748,,
2026-03-02,3.13,,3.049299999999998,2.928000000000001,3.6680500000000023,57.24169310219506,47.58590045472085,,,,,0.036679442560183934,-0.0000030989685955162827,-0.03668254152877945,7.560137457044664,-17.437344583833887,93.60745911446,,
2026-03-09,3.28,,3.049599999999998,2.932750000000001,3.661300000000003,61.55895590962328,48.721194493910126,,,,,0.051366334688024276,0.027525376831250892,-0.02384095785677338,13.103448275862064,-15.59468652454469,93.1118877878,,
2026-03-16,3.24,,3.0482999999999976,2.934250000000001,3.6529500000000024,59.824277922104436,49.60297053960414,,,,,0.05554373290741706,0.04558870827749795,-0.009955024629919113,13.286713286713299,-12.203194906102262,92.33866884903,,
2026-03-23,3.42,,3.050899999999998,2.9415000000000004,3.6491000000000025,64.65148562067145,50.84975446818442,,,,,0.0668282884674905,0.07358033595444402,0.006752047486953513,20.84805653710247,-10.53245129847326,92.01126960512,,
2026-03-30,3.13,,3.0513999999999974,2.944250000000001,3.643700000000002,53.49865016307399,51.38427025207775,,,,,0.05182930032918845,0.07153867289843907,0.019709372569250625,14.233576642335755,-11.391158806734246,93.22674690292,,
2026-04-06,2.94,,3.0495999999999976,2.947750000000001,3.6358500000000022,47.693585695008665,51.56925653305384,,,,,0.0274062048627923,0.053967128647741,0.026560923784948703,10.943396226415096,-15.03452162885722,93.03699296368,,
2026-04-13,2.83,,3.0469999999999975,2.9442500000000007,3.624250000000002,44.67142341067823,51.73218196621038,,,,,0.0033995093408710764,0.03081031046103755,0.027410801120166473,5.597014925373131,-19.03463282983141,92.66386219268,,
2026-04-20,2.86,,3.0444999999999975,2.942500000000001,3.612650000000002,45.68233266101507,52.15154067871679,,,,,-0.010160999349383193,0.014709551933437481,0.024870551282820674,-0.6944444444444451,-19.63146704464916,92.27680799391,,
2026-04-27,2.77,,3.0401999999999973,2.9407500000000004,3.5969000000000024,43.13603686582465,52.297129382578376,,,,,-0.024098136921840308,-0.00525211986947971,0.018846017052360598,-3.484320557491292,-20.21730473860853,92.17980428228,,
2026-05-04,2.81,,3.0367999999999973,2.9327500000000004,3.584150000000002,44.61366573815448,51.98852392112089,,,,,-0.029189509574678356,-0.017640869915987345,0.011548639658691011,-4.745762711864411,-21.2047676825351,92.26136685493,,
2026-05-11,2.8,,3.0318999999999976,2.9292500000000006,3.5712000000000024,44.30371471251816,51.68264022055473,,,,,-0.03159398437341938,-0.02794384080808321,0.0036501435653361666,-2.0979020979020997,-21.05112333791834,91.99589432318,,
2026-05-18,2.74,,3.027199999999998,2.9257500000000003,3.560100000000002,42.4003142191834,51.02875119348703,,,,,-0.035307191218607904,-0.04048384545792372,-0.005176654239315811,-12.179487179487175,-20.94975278831777,92.14297110625,,
2026-05-25,2.74,,3.0224999999999977,2.922250000000001,3.5496500000000024,42.4003142191834,50.61562767441806,,,,,-0.03573650145779109,-0.04984728106155467,-0.014110779603763583,-12.46006389776357,-21.43577915525438,93.08643414692,,
2026-06-01,2.76,,3.0173999999999976,2.9202500000000002,3.541250000000003,43.34134623446108,49.644128319549644,,,,,-0.03272721977991344,-0.055019804328655386,-0.022292584548741945,-15.853658536585368,-21.672904894720833,93.58297330422,,
2026-06-08,2.71,,3.0125999999999977,2.9172500000000006,3.5335500000000026,41.515278299988175,48.52081297653488,,,,,-0.0321130913364958,-0.0624339487193617,-0.0303208573828659,-16.358024691358032,-21.50274450736452,93.51215198238,,
2026-06-15,2.66,,3.008299999999998,2.9140000000000006,3.5246000000000026,39.713357009030254,46.96041305506394,,,,,-0.032959199935446146,-0.07151985730217358,-0.03856065736672744,-22.222222222222214,-22.48062015503872,93.9792008032,,
2026-06-22,2.83,,3.0055999999999976,2.9167500000000004,3.5155000000000025,47.98053593539577,46.11443148458475,,,,,-0.020561195688675038,-0.06426215197757124,-0.0437009562888962,-9.584664536741208,-23.134035026422644,94.12688365985,,
2026-06-29,2.74,,2.9957999999999974,2.9165,3.503900000000003,44.501275293357054,44.67513074691943,,,,,-0.01705769142917126,-0.06502307057536028,-0.047965379146189015,-6.802721088435365,-21.298932644151428,94.11274914549,,
2026-07-06,2.69,,2.9877999999999973,2.9137500000000003,3.4945000000000026,42.65089009023625,43.90029074171673,,,,,-0.016721162447246946,-0.0688668322052477,-0.05214566975800075,-4.9469964664310995,-20.78715024085975,95.37397059262,,
2026-07-13,2.73,,2.9821999999999975,2.9025000000000003,3.483150000000003,44.63426771160137,43.68176802861621,,,,,-0.012605572964972979,-0.06790263596421697,-0.055297062999243994,-4.545454545454542,-21.310705267484845,95.39484939613,,
2026-07-20,2.79,,2.978199999999997,2.89625,3.4715000000000025,47.56372072901922,43.888360694212,,,,,-0.005032003648011582,-0.06158706755925847,-0.056555063911246886,0.7220216606498201,-20.90961309041634,95.17779974377,,
2026-07-27,2.85,,2.974999999999997,2.8955,3.4586000000000023,50.39051923838339,44.22465973545258,,,,,0.0043234103729879875,-0.0511508009450119,-0.055474211317999886,1.423487544483987,-18.85900088678685,95.08708021694,,
2026-08-03,2.7,,2.968099999999997,2.8895000000000004,3.4470000000000027,44.00379954945117,44.28664278428305,,,,,0.0008936605438557219,-0.05435713563818023,-0.055250796182035954,-3.571428571428559,-18.291688292429725,96.18174714454,,
2026-08-10,2.67,,2.9610999999999974,2.8775000000000004,3.4346000000000028,42.834469543642776,44.15955734181794,,,,,-0.0027137063183480664,-0.05864292907997104,-0.055929222761622974,-2.5547445255474552,-20.088096549055777,97.00678584499,,
2026-08-17,2.7,,2.9565999999999972,2.8682500000000006,3.4231500000000024,44.4248899206279,44.168212713825774,,,,,-0.002408051049373819,-0.058939286573340244,-0.056531235523966425,-1.4598540145985412,-19.826813974320682,97.15867039874,,
2026-08-24,2.6,,2.9511999999999974,2.8535000000000004,3.413450000000002,40.39098576940125,44.02468925312705,,,,,-0.007956620131540339,-0.06647701068839185,-0.05852039055685151,-5.797101449275352,-20.642050729194736,97.10663744111,,
2026-08-31,2.68,,2.9490999999999974,2.8475,3.4030000000000022,44.715868870432764,44.190086013930575,,,,,-0.00537832422804841,-0.06524329584191202,-0.05986497161386361,-1.1070110701106939,-21.45731963717186,97.16581170648,,
2026-09-07,2.65,,2.9457999999999975,2.8425000000000002,3.3922000000000025,43.44295863335132,44.197344042422735,,,,,-0.004849110057881585,-0.06592635918621559,-0.061077249128334,-0.3759398496240688,-20.460365761802883,97.29169228818,,